ID,sequence,coordinates,start_coordinates,strong_k,mid_k,food_k,containment,error
a1,pocgkr,"p: (0.008034,0.957082,0.6890539999999999);o: (-0.185,0.928,0.48103500000000005);c: (-0.525007,0.923283,0.438);g: (-0.595001,1.233,0.468999);k: (-0.030993,0.7334229999999999,0.530651);r: (-0.606068,0.743321,0.524829)","[-0.451354,-0.413918,0.156247],[0.513,-0.531,0.74],[0.513,-0.531,0.74],[0.513,-0.531,0.74],[0.513,-0.531,0.74],[0.513,-0.531,0.74],[0.513,-0.531,0.74],[0.513,-0.531,0.74],[0.513,-0.531,0.74],[0.513,-0.531,0.74],[0.513,-0.531,0.74],[0.513,-0.531,0.74],[0.513,-0.531,0.74],[0.513,-0.531,0.74],[0.513,-0.531,0.74]",t,"p,o",0,0,0.723
a3,cgwpcfks,"c: (-0.525007,0.923283,0.438);g: (-0.595001,1.233,0.468999);w: (-0.196022,1.35572,0.466005);p: (0.008034,0.957082,0.6890539999999999);c: (-0.66,0.9232809999999999,0.438);f: (-0.251825,0.744246,0.557668);f: (-0.20802600000000002,0.7442439999999999,0.557671);k: (-0.07699199999999999,0.733425,0.531662);k: (-0.030993,0.7334229999999999,0.530651);s: (0.10966,0.7466,0.505875);s: (0.071911,0.746328,0.519848)","[-0.451354,-0.413918,0.156247],[0.513,-0.531,0.74],[0.513,-0.531,0.74],[0.513,-0.531,0.74],[0.513,-0.531,0.74],[0.513,-0.531,0.74],[0.513,-0.531,0.74],[0.513,-0.531,0.74],[0.513,-0.531,0.74],[0.513,-0.531,0.74],[0.513,-0.531,0.74],[0.513,-0.531,0.74],[0.513,-0.531,0.74],[0.513,-0.531,0.74],[0.513,-0.531,0.74]",t,"p,o",0,0,0.785
a5,kfsfkspwg,"k: (-0.07699199999999999,0.733425,0.531662);f: (-0.165225,0.7442479999999999,0.557615);s: (0.146585,0.7467189999999999,0.516146);f: (-0.251825,0.744246,0.557668);k: (-0.030993,0.7334229999999999,0.530651);s: (0.10966,0.7466,0.505875);p: (0.008034,0.957082,0.6890539999999999);p: (0.008041,0.9296049999999999,0.68902);w: (-0.196022,1.35572,0.466005);w: (-0.05700499999999999,1.35572,0.46601800000000004);g: (-0.595001,1.233,0.468999);g: (-0.7159989999999999,1.23301,0.469001);g: (-0.8379989999999999,1.233,0.468999)","[-0.451354,-0.413918,0.156247],[0.513,-0.531,0.74],[0.513,-0.531,0.74],[0.513,-0.531,0.74],[0.513,-0.531,0.74],[0.513,-0.531,0.74],[0.513,-0.531,0.74],[0.513,-0.531,0.74],[0.513,-0.531,0.74],[0.513,-0.531,0.74],[0.513,-0.531,0.74],[0.513,-0.531,0.74],[0.513,-0.531,0.74],[0.513,-0.531,0.74],[0.513,-0.531,0.74]",t,"p,o",0,0,0.806
a11,pfkswkfsococg,"p: (0.008034,0.957082,0.6890539999999999);p: (0.008041,0.9296049999999999,0.68902);f: (-0.165225,0.7442479999999999,0.557615);k: (-0.07699199999999999,0.733425,0.531662);s: (0.10966,0.7466,0.505875);w: (0.083,1.35572,0.466);w: (-0.196022,1.35572,0.466005);k: (0.002996,0.733422,0.533535);f: (-0.251825,0.744246,0.557668);s: (0.071911,0.746328,0.519848);o: (-0.185,0.928,0.48103500000000005);c: (-0.525007,0.923283,0.438);o: (-0.18499200000000002,0.915077,0.481025);c: (-0.66,0.9232809999999999,0.438);g: (-0.595001,1.233,0.468999);g: (-0.7159989999999999,1.23301,0.469001);g: (-0.8379989999999999,1.233,0.468999)","[-0.451354,-0.413918,0.156247],[0.513,-0.531,0.74],[0.513,-0.531,0.74],[0.513,-0.531,0.74],[0.513,-0.531,0.74],[0.513,-0.531,0.74],[0.513,-0.531,0.74],[0.513,-0.531,0.74],[0.513,-0.531,0.74],[0.513,-0.531,0.74],[0.513,-0.531,0.74],[0.513,-0.531,0.74],[0.513,-0.531,0.74],[0.513,-0.531,0.74],[0.513,-0.531,0.74]",t,"p,o",0,0,0.862
a13,wptgkfsoc,"w: (-0.196022,1.35572,0.466005);p: (0.008034,0.957082,0.6890539999999999);t: (-0.649,1.52939,0.68);g: (-0.595001,1.233,0.468999);k: (-0.030993,0.7334229999999999,0.530651);f: (-0.165225,0.7442479999999999,0.557615);s: (0.10966,0.7466,0.505875);o: (-0.185,0.928,0.48103500000000005);c: (-0.525007,0.923283,0.438)","[-0.451354,-0.413918,0.156247],[0.513,-0.531,0.74],[0.513,-0.531,0.74],[0.513,-0.531,0.74],[0.513,-0.531,0.74],[0.513,-0.531,0.74],[0.513,-0.531,0.74],[0.513,-0.531,0.74],[0.513,-0.531,0.74],[0.513,-0.531,0.74],[0.513,-0.531,0.74],[0.513,-0.531,0.74],[0.513,-0.531,0.74],[0.513,-0.531,0.74],[0.513,-0.531,0.74]",t,"p,o",0,0,0.806
a16,pwfkg,"p: (0.008034,0.957082,0.6890539999999999);p: (0.008041,0.9296049999999999,0.68902);p: (0.008001000000000001,0.902166,0.689002);w: (-0.196022,1.35572,0.466005);w: (-0.05700499999999999,1.35572,0.46601800000000004);w: (0.083,1.35572,0.466);f: (-0.251825,0.744246,0.557668);f: (-0.165225,0.7442479999999999,0.557615);f: (-0.20802600000000002,0.7442439999999999,0.557671);k: (0.002996,0.733422,0.533535);k: (-0.030993,0.7334229999999999,0.530651);k: (-0.07699199999999999,0.733425,0.531662);g: (-0.595001,1.233,0.468999);g: (-0.7159989999999999,1.23301,0.469001);g: (-0.8379989999999999,1.233,0.468999)","[-0.451354,-0.413918,0.156247],[0.513,-0.531,0.74],[0.513,-0.531,0.74],[0.513,-0.531,0.74],[0.513,-0.531,0.74],[0.513,-0.531,0.74],[0.513,-0.531,0.74],[0.513,-0.531,0.74],[0.513,-0.531,0.74],[0.513,-0.531,0.74],[0.513,-0.531,0.74],[0.513,-0.531,0.74],[0.513,-0.531,0.74],[0.513,-0.531,0.74],[0.513,-0.531,0.74]",t,"p,o",0,0,0.666
a19,powcer,"p: (0.008034,0.957082,0.6890539999999999);p: (0.008041,0.9296049999999999,0.68902);o: (-0.18499200000000002,0.915077,0.481025);o: (-0.185,0.928,0.48103500000000005);w: (-0.05700499999999999,1.35572,0.46601800000000004);w: (-0.196022,1.35572,0.466005);c: (-0.66,0.9232809999999999,0.438);c: (-0.525007,0.923283,0.438);e: (-0.7940520000000001,0.7428739999999999,0.503884);e: (-0.765776,0.742873,0.515548);r: (-0.500441,0.743324,0.5217109999999999);r: (-0.606068,0.743321,0.524829)","[-0.451354,-0.413918,0.156247],[0.513,-0.531,0.74],[0.513,-0.531,0.74],[0.513,-0.531,0.74],[0.513,-0.531,0.74],[0.513,-0.531,0.74],[0.513,-0.531,0.74],[0.513,-0.531,0.74],[0.513,-0.531,0.74],[0.513,-0.531,0.74],[0.513,-0.531,0.74],[0.513,-0.531,0.74],[0.513,-0.531,0.74],[0.513,-0.531,0.74],[0.513,-0.531,0.74]",t,"p,o",0,0,0.723
a22,coprerk,"c: (-0.7949970000000001,0.9232809999999999,0.438);o: (-0.185,0.928,0.48103500000000005);o: (-0.18499200000000002,0.915077,0.481025);p: (0.008034,0.957082,0.6890539999999999);p: (0.008041,0.9296049999999999,0.68902);r: (-0.606068,0.743321,0.524829);e: (-0.7940520000000001,0.7428739999999999,0.503884);e: (-0.765776,0.742873,0.515548);r: (-0.500441,0.743324,0.5217109999999999);k: (-0.07699199999999999,0.733425,0.531662);k: (-0.030993,0.7334229999999999,0.530651)","[-0.451354,-0.413918,0.156247],[0.513,-0.531,0.74],[0.513,-0.531,0.74],[0.513,-0.531,0.74],[0.513,-0.531,0.74],[0.513,-0.531,0.74],[0.513,-0.531,0.74],[0.513,-0.531,0.74],[0.513,-0.531,0.74],[0.513,-0.531,0.74],[0.513,-0.531,0.74],[0.513,-0.531,0.74],[0.513,-0.531,0.74],[0.513,-0.531,0.74],[0.513,-0.531,0.74]",t,"p,o",0,0,0.756
a26,wopofkkskf,"w: (-0.196022,1.35572,0.466005);w: (-0.05700499999999999,1.35572,0.46601800000000004);o: (-0.185,0.928,0.48103500000000005);p: (0.008034,0.957082,0.6890539999999999);p: (0.008041,0.9296049999999999,0.68902);o: (-0.18499200000000002,0.915077,0.481025);f: (-0.251825,0.744246,0.557668);f: (-0.20802600000000002,0.7442439999999999,0.557671);k: (0.002996,0.733422,0.533535);k: (-0.030993,0.7334229999999999,0.530651);s: (0.10966,0.7466,0.505875);s: (0.146585,0.7467189999999999,0.516146);s: (0.071911,0.746328,0.519848);k: (-0.07699199999999999,0.733425,0.531662);f: (-0.165225,0.7442479999999999,0.557615)","[-0.451354,-0.413918,0.156247],[0.513,-0.531,0.74],[0.513,-0.531,0.74],[0.513,-0.531,0.74],[0.513,-0.531,0.74],[0.513,-0.531,0.74],[0.513,-0.531,0.74],[0.513,-0.531,0.74],[0.513,-0.531,0.74],[0.513,-0.531,0.74],[0.513,-0.531,0.74],[0.513,-0.531,0.74],[0.513,-0.531,0.74],[0.513,-0.531,0.74],[0.513,-0.531,0.74]",t,"p,o",0,0,0.824
a29,opwpwgcoc,"o: (-0.185,0.928,0.48103500000000005);p: (0.008034,0.957082,0.6890539999999999);w: (-0.196022,1.35572,0.466005);p: (0.008041,0.9296049999999999,0.68902);w: (-0.05700499999999999,1.35572,0.46601800000000004);g: (-0.7159989999999999,1.23301,0.469001);c: (-0.525007,0.923283,0.438);o: (-0.18499200000000002,0.915077,0.481025);c: (-0.66,0.9232809999999999,0.438)","[-0.451354,-0.413918,0.156247],[0.513,-0.531,0.74],[0.513,-0.531,0.74],[0.513,-0.531,0.74],[0.513,-0.531,0.74],[0.513,-0.531,0.74],[0.513,-0.531,0.74],[0.513,-0.531,0.74],[0.513,-0.531,0.74],[0.513,-0.531,0.74],[0.513,-0.531,0.74],[0.513,-0.531,0.74],[0.513,-0.531,0.74],[0.513,-0.531,0.74],[0.513,-0.531,0.74]",t,"p,o",0,0,0.806
a31,pocrfksfks,"p: (0.008034,0.957082,0.6890539999999999);p: (0.008041,0.9296049999999999,0.68902);o: (-0.185,0.928,0.48103500000000005);o: (-0.18499200000000002,0.915077,0.481025);c: (-0.525007,0.923283,0.438);c: (-0.66,0.9232809999999999,0.438);r: (-0.606068,0.743321,0.524829);r: (-0.500441,0.743324,0.5217109999999999);f: (-0.251825,0.744246,0.557668);k: (-0.030993,0.7334229999999999,0.530651);s: (0.071911,0.746328,0.519848);f: (-0.20802600000000002,0.7442439999999999,0.557671);k: (0.002996,0.733422,0.533535);s: (0.146585,0.7467189999999999,0.516146)","[-0.451354,-0.413918,0.156247],[0.513,-0.531,0.74],[0.513,-0.531,0.74],[0.513,-0.531,0.74],[0.513,-0.531,0.74],[0.513,-0.531,0.74],[0.513,-0.531,0.74],[0.513,-0.531,0.74],[0.513,-0.531,0.74],[0.513,-0.531,0.74],[0.513,-0.531,0.74],[0.513,-0.531,0.74],[0.513,-0.531,0.74],[0.513,-0.531,0.74],[0.513,-0.531,0.74]",t,"p,o",0,0,0.824
a35,cgpogpoc,"c: (-0.525007,0.923283,0.438);g: (-0.7159989999999999,1.23301,0.469001);p: (0.008041,0.9296049999999999,0.68902);o: (-0.18499200000000002,0.915077,0.481025);g: (-0.595001,1.233,0.468999);p: (0.008034,0.957082,0.6890539999999999);o: (-0.185,0.928,0.48103500000000005);c: (-0.66,0.9232809999999999,0.438)","[-0.451354,-0.413918,0.156247],[0.513,-0.531,0.74],[0.513,-0.531,0.74],[0.513,-0.531,0.74],[0.513,-0.531,0.74],[0.513,-0.531,0.74],[0.513,-0.531,0.74],[0.513,-0.531,0.74],[0.513,-0.531,0.74],[0.513,-0.531,0.74],[0.513,-0.531,0.74],[0.513,-0.531,0.74],[0.513,-0.531,0.74],[0.513,-0.531,0.74],[0.513,-0.531,0.74]",t,"p,o",0,0,0.785
a37,pwocgfkfsrere,"p: (0.008034,0.957082,0.6890539999999999);p: (0.008041,0.9296049999999999,0.68902);w: (-0.196022,1.35572,0.466005);w: (-0.05700499999999999,1.35572,0.46601800000000004);o: (-0.18499200000000002,0.90217,0.481005);o: (-0.18499200000000002,0.915077,0.481025);c: (-0.525007,0.923283,0.438);c: (-0.66,0.9232809999999999,0.438);g: (-0.595001,1.233,0.468999);g: (-0.7159989999999999,1.23301,0.469001);f: (-0.165225,0.7442479999999999,0.557615);k: (-0.030993,0.7334229999999999,0.530651);k: (-0.07699199999999999,0.733425,0.531662);f: (-0.251825,0.744246,0.557668);s: (0.10966,0.7466,0.505875);s: (0.146585,0.7467189999999999,0.516146);r: (-0.500441,0.743324,0.5217109999999999);e: (-0.7940520000000001,0.7428739999999999,0.503884);r: (-0.606068,0.743321,0.524829);e: (-0.765776,0.742873,0.515548)","[-0.451354,-0.413918,0.156247],[0.513,-0.531,0.74],[0.513,-0.531,0.74],[0.513,-0.531,0.74],[0.513,-0.531,0.74],[0.513,-0.531,0.74],[0.513,-0.531,0.74],[0.513,-0.531,0.74],[0.513,-0.531,0.74],[0.513,-0.531,0.74],[0.513,-0.531,0.74],[0.513,-0.531,0.74],[0.513,-0.531,0.74],[0.513,-0.531,0.74],[0.513,-0.531,0.74]",t,"p,o",0,0,0.862
a39,ocwgrk,"o: (-0.185,0.928,0.48103500000000005);c: (-0.525007,0.923283,0.438);w: (-0.196022,1.35572,0.466005);g: (-0.595001,1.233,0.468999);r: (-0.606068,0.743321,0.524829);k: (-0.030993,0.7334229999999999,0.530651)","[-0.451354,-0.413918,0.156247],[0.513,-0.531,0.74],[0.513,-0.531,0.74],[0.513,-0.531,0.74],[0.513,-0.531,0.74],[0.513,-0.531,0.74],[0.513,-0.531,0.74],[0.513,-0.531,0.74],[0.513,-0.531,0.74],[0.513,-0.531,0.74],[0.513,-0.531,0.74],[0.513,-0.531,0.74],[0.513,-0.531,0.74],[0.513,-0.531,0.74],[0.513,-0.531,0.74]",t,"p,o",0,0,0.723
a40,wpgsfk,"w: (-0.196022,1.35572,0.466005);p: (0.008034,0.957082,0.6890539999999999);g: (-0.595001,1.233,0.468999);s: (0.10966,0.7466,0.505875);f: (-0.251825,0.744246,0.557668);k: (-0.030993,0.7334229999999999,0.530651)","[-0.451354,-0.413918,0.156247],[0.513,-0.531,0.74],[0.513,-0.531,0.74],[0.513,-0.531,0.74],[0.513,-0.531,0.74],[0.513,-0.531,0.74],[0.513,-0.531,0.74],[0.513,-0.531,0.74],[0.513,-0.531,0.74],[0.513,-0.531,0.74],[0.513,-0.531,0.74],[0.513,-0.531,0.74],[0.513,-0.531,0.74],[0.513,-0.531,0.74],[0.513,-0.531,0.74]",t,"p,o",0,0,0.723
a43,pwofsg,"p: (0.008034,0.957082,0.6890539999999999);w: (-0.196022,1.35572,0.466005);o: (-0.185,0.928,0.48103500000000005);f: (-0.165225,0.7442479999999999,0.557615);s: (0.10966,0.7466,0.505875);g: (-0.595001,1.233,0.468999)","[-0.451354,-0.413918,0.156247],[0.513,-0.531,0.74],[0.513,-0.531,0.74],[0.513,-0.531,0.74],[0.513,-0.531,0.74],[0.513,-0.531,0.74],[0.513,-0.531,0.74],[0.513,-0.531,0.74],[0.513,-0.531,0.74],[0.513,-0.531,0.74],[0.513,-0.531,0.74],[0.513,-0.531,0.74],[0.513,-0.531,0.74],[0.513,-0.531,0.74],[0.513,-0.531,0.74]",t,"p,o",0,0,0.723
a45,pocpocwgkfs,"p: (0.008034,0.957082,0.6890539999999999);p: (0.008041,0.9296049999999999,0.68902);o: (-0.185,0.928,0.48103500000000005);c: (-0.525007,0.923283,0.438);p: (0.008001000000000001,0.902166,0.689002);o: (-0.18499200000000002,0.915077,0.481025);c: (-0.66,0.9232809999999999,0.438);w: (-0.196022,1.35572,0.466005);w: (-0.05700499999999999,1.35572,0.46601800000000004);w: (0.083,1.35572,0.466);g: (-0.595001,1.233,0.468999);g: (-0.7159989999999999,1.23301,0.469001);g: (-0.8379989999999999,1.233,0.468999);k: (0.002996,0.733422,0.533535);k: (-0.030993,0.7334229999999999,0.530651);k: (-0.07699199999999999,0.733425,0.531662);f: (-0.165225,0.7442479999999999,0.557615);s: (0.10966,0.7466,0.505875)","[-0.451354,-0.413918,0.156247],[0.513,-0.531,0.74],[0.513,-0.531,0.74],[0.513,-0.531,0.74],[0.513,-0.531,0.74],[0.513,-0.531,0.74],[0.513,-0.531,0.74],[0.513,-0.531,0.74],[0.513,-0.531,0.74],[0.513,-0.531,0.74],[0.513,-0.531,0.74],[0.513,-0.531,0.74],[0.513,-0.531,0.74],[0.513,-0.531,0.74],[0.513,-0.531,0.74]",t,"p,o",0,0,0.838
a47,pocgwg,"p: (0.008041,0.9296049999999999,0.68902);p: (0.008001000000000001,0.902166,0.689002);o: (-0.185,0.928,0.48103500000000005);o: (-0.18499200000000002,0.915077,0.481025);c: (-0.525007,0.923283,0.438);c: (-0.66,0.9232809999999999,0.438);g: (-0.595001,1.233,0.468999);w: (-0.196022,1.35572,0.466005);w: (-0.05700499999999999,1.35572,0.46601800000000004);g: (-0.7159989999999999,1.23301,0.469001)","[-0.451354,-0.413918,0.156247],[0.513,-0.531,0.74],[0.513,-0.531,0.74],[0.513,-0.531,0.74],[0.513,-0.531,0.74],[0.513,-0.531,0.74],[0.513,-0.531,0.74],[0.513,-0.531,0.74],[0.513,-0.531,0.74],[0.513,-0.531,0.74],[0.513,-0.531,0.74],[0.513,-0.531,0.74],[0.513,-0.531,0.74],[0.513,-0.531,0.74],[0.513,-0.531,0.74]",t,"p,o",0,0,0.723
a51,pwgockfsfksret,"p: (0.008034,0.957082,0.6890539999999999);p: (0.008041,0.9296049999999999,0.68902);w: (0.083,1.35572,0.466);w: (-0.05700499999999999,1.35572,0.46601800000000004);g: (-0.595001,1.233,0.468999);g: (-0.7159989999999999,1.23301,0.469001);o: (-0.18499200000000002,0.915077,0.481025);o: (-0.185,0.928,0.48103500000000005);c: (-0.66,0.9232809999999999,0.438);c: (-0.525007,0.923283,0.438);k: (0.002996,0.733422,0.533535);f: (-0.165225,0.7442479999999999,0.557615);s: (0.10966,0.7466,0.505875);f: (-0.20802600000000002,0.7442439999999999,0.557671);k: (-0.030993,0.7334229999999999,0.530651);s: (0.071911,0.746328,0.519848);r: (-0.500441,0.743324,0.5217109999999999);r: (-0.606068,0.743321,0.524829);e: (-0.765776,0.742873,0.515548);e: (-0.7940520000000001,0.7428739999999999,0.503884);t: (-0.649,1.52939,0.68)","[-0.451354,-0.413918,0.156247],[0.513,-0.531,0.74],[0.513,-0.531,0.74],[0.513,-0.531,0.74],[0.513,-0.531,0.74],[0.513,-0.531,0.74],[0.513,-0.531,0.74],[0.513,-0.531,0.74],[0.513,-0.531,0.74],[0.513,-0.531,0.74],[0.513,-0.531,0.74],[0.513,-0.531,0.74],[0.513,-0.531,0.74],[0.513,-0.531,0.74],[0.513,-0.531,0.74]",t,"p,o",0,0,0.878
a55,ocpwgfkskfsrere,"o: (-0.185,0.928,0.48103500000000005);o: (-0.18499200000000002,0.915077,0.481025);c: (-0.525007,0.923283,0.438);c: (-0.66,0.9232809999999999,0.438);p: (0.008034,0.957082,0.6890539999999999);p: (0.008041,0.9296049999999999,0.68902);w: (-0.196022,1.35572,0.466005);w: (-0.05700499999999999,1.35572,0.46601800000000004);g: (-0.595001,1.233,0.468999);g: (-0.7159989999999999,1.23301,0.469001);f: (-0.20802600000000002,0.7442439999999999,0.557671);k: (-0.030993,0.7334229999999999,0.530651);s: (0.10966,0.7466,0.505875);k: (-0.07699199999999999,0.733425,0.531662);f: (-0.251825,0.744246,0.557668);s: (0.146585,0.7467189999999999,0.516146);r: (-0.500441,0.743324,0.5217109999999999);e: (-0.765776,0.742873,0.515548);r: (-0.606068,0.743321,0.524829);e: (-0.7940520000000001,0.7428739999999999,0.503884)","[-0.451354,-0.413918,0.156247],[0.513,-0.531,0.74],[0.513,-0.531,0.74],[0.513,-0.531,0.74],[0.513,-0.531,0.74],[0.513,-0.531,0.74],[0.513,-0.531,0.74],[0.513,-0.531,0.74],[0.513,-0.531,0.74],[0.513,-0.531,0.74],[0.513,-0.531,0.74],[0.513,-0.531,0.74],[0.513,-0.531,0.74],[0.513,-0.531,0.74],[0.513,-0.531,0.74]",t,"p,o",0,0,0.878
a56,copwgwpresk,"c: (-0.525007,0.923283,0.438);c: (-0.7949970000000001,0.9232809999999999,0.438);c: (-0.66,0.9232809999999999,0.438);o: (-0.185,0.928,0.48103500000000005);o: (-0.18499200000000002,0.915077,0.481025);o: (-0.18499300000000002,0.902176,0.48100600000000004);p: (0.008034,0.957082,0.6890539999999999);p: (0.008041,0.9296049999999999,0.68902);w: (-0.196022,1.35572,0.466005);w: (-0.05700499999999999,1.35572,0.46601800000000004);g: (-0.595001,1.233,0.468999);w: (0.083,1.35572,0.466);p: (0.008001000000000001,0.902166,0.689002);r: (-0.500441,0.743324,0.5217109999999999);e: (-0.7940520000000001,0.7428739999999999,0.503884);s: (0.071911,0.746328,0.519848);k: (-0.07699199999999999,0.733425,0.531662)","[-0.451354,-0.413918,0.156247],[0.513,-0.531,0.74],[0.513,-0.531,0.74],[0.513,-0.531,0.74],[0.513,-0.531,0.74],[0.513,-0.531,0.74],[0.513,-0.531,0.74],[0.513,-0.531,0.74],[0.513,-0.531,0.74],[0.513,-0.531,0.74],[0.513,-0.531,0.74],[0.513,-0.531,0.74],[0.513,-0.531,0.74],[0.513,-0.531,0.74],[0.513,-0.531,0.74]",t,"p,o",0,0,0.838
a59,pwterfkf,"p: (0.008034,0.957082,0.6890539999999999);p: (0.008041,0.9296049999999999,0.68902);w: (-0.196022,1.35572,0.466005);w: (-0.05700499999999999,1.35572,0.46601800000000004);t: (-0.649,1.52939,0.68);e: (-0.765776,0.742873,0.515548);e: (-0.7940520000000001,0.7428739999999999,0.503884);r: (-0.606068,0.743321,0.524829);r: (-0.500441,0.743324,0.5217109999999999);f: (-0.251825,0.744246,0.557668);k: (-0.07699199999999999,0.733425,0.531662);k: (-0.030993,0.7334229999999999,0.530651);f: (-0.20802600000000002,0.7442439999999999,0.557671)","[-0.451354,-0.413918,0.156247],[0.513,-0.531,0.74],[0.513,-0.531,0.74],[0.513,-0.531,0.74],[0.513,-0.531,0.74],[0.513,-0.531,0.74],[0.513,-0.531,0.74],[0.513,-0.531,0.74],[0.513,-0.531,0.74],[0.513,-0.531,0.74],[0.513,-0.531,0.74],[0.513,-0.531,0.74],[0.513,-0.531,0.74],[0.513,-0.531,0.74],[0.513,-0.531,0.74]",t,"p,o",0,0,0.785
a60,pocwggpfkfksrer,"p: (0.008041,0.9296049999999999,0.68902);o: (-0.185,0.928,0.48103500000000005);o: (-0.18499200000000002,0.915077,0.481025);c: (-0.525007,0.923283,0.438);c: (-0.66,0.9232809999999999,0.438);w: (-0.196022,1.35572,0.466005);w: (-0.05700499999999999,1.35572,0.46601800000000004);g: (-0.595001,1.233,0.468999);g: (-0.7159989999999999,1.23301,0.469001);p: (0.008001000000000001,0.902166,0.689002);f: (-0.165225,0.7442479999999999,0.557615);k: (-0.07699199999999999,0.733425,0.531662);f: (-0.20802600000000002,0.7442439999999999,0.557671);k: (-0.030993,0.7334229999999999,0.530651);s: (0.10966,0.7466,0.505875);s: (0.146585,0.7467189999999999,0.516146);r: (-0.500441,0.743324,0.5217109999999999);e: (-0.765776,0.742873,0.515548);e: (-0.7940520000000001,0.7428739999999999,0.503884);r: (-0.606068,0.743321,0.524829)","[-0.451354,-0.413918,0.156247],[0.513,-0.531,0.74],[0.513,-0.531,0.74],[0.513,-0.531,0.74],[0.513,-0.531,0.74],[0.513,-0.531,0.74],[0.513,-0.531,0.74],[0.513,-0.531,0.74],[0.513,-0.531,0.74],[0.513,-0.531,0.74],[0.513,-0.531,0.74],[0.513,-0.531,0.74],[0.513,-0.531,0.74],[0.513,-0.531,0.74],[0.513,-0.531,0.74]",t,"p,o",0,0,0.878
a61,wpofcgkrpwgfksocr,"w: (-0.196022,1.35572,0.466005);p: (0.008034,0.957082,0.6890539999999999);o: (-0.185,0.928,0.48103500000000005);f: (-0.251825,0.744246,0.557668);c: (-0.525007,0.923283,0.438);g: (-0.595001,1.233,0.468999);k: (-0.07699199999999999,0.733425,0.531662);r: (-0.500441,0.743324,0.5217109999999999);p: (0.008041,0.9296049999999999,0.68902);w: (-0.05700499999999999,1.35572,0.46601800000000004);g: (-0.7159989999999999,1.23301,0.469001);f: (-0.20802600000000002,0.7442439999999999,0.557671);k: (-0.030993,0.7334229999999999,0.530651);s: (0.071911,0.746328,0.519848);s: (0.10966,0.7466,0.505875);o: (-0.18499200000000002,0.915077,0.481025);c: (-0.66,0.9232809999999999,0.438);r: (-0.606068,0.743321,0.524829)","[-0.451354,-0.413918,0.156247],[0.513,-0.531,0.74],[0.513,-0.531,0.74],[0.513,-0.531,0.74],[0.513,-0.531,0.74],[0.513,-0.531,0.74],[0.513,-0.531,0.74],[0.513,-0.531,0.74],[0.513,-0.531,0.74],[0.513,-0.531,0.74],[0.513,-0.531,0.74],[0.513,-0.531,0.74],[0.513,-0.531,0.74],[0.513,-0.531,0.74],[0.513,-0.531,0.74],[0.513,-0.531,0.74],[0.513,-0.531,0.74]",t,"p,o",0,0,0.892
a69,cwpfksor,"c: (-0.525007,0.923283,0.438);c: (-0.66,0.9232809999999999,0.438);w: (-0.196022,1.35572,0.466005);w: (-0.05700499999999999,1.35572,0.46601800000000004);p: (0.008034,0.957082,0.6890539999999999);p: (0.008041,0.9296049999999999,0.68902);f: (-0.20802600000000002,0.7442439999999999,0.557671);f: (-0.251825,0.744246,0.557668);k: (-0.030993,0.7334229999999999,0.530651);k: (-0.07699199999999999,0.733425,0.531662);s: (0.10966,0.7466,0.505875);s: (0.146585,0.7467189999999999,0.516146);o: (-0.185,0.928,0.48103500000000005);o: (-0.18499200000000002,0.915077,0.481025);r: (-0.606068,0.743321,0.524829);r: (-0.500441,0.743324,0.5217109999999999)","[-0.451354,-0.413918,0.156247],[0.513,-0.531,0.74],[0.513,-0.531,0.74],[0.513,-0.531,0.74],[0.513,-0.531,0.74],[0.513,-0.531,0.74],[0.513,-0.531,0.74],[0.513,-0.531,0.74],[0.513,-0.531,0.74],[0.513,-0.531,0.74],[0.513,-0.531,0.74],[0.513,-0.531,0.74],[0.513,-0.531,0.74],[0.513,-0.531,0.74],[0.513,-0.531,0.74]",t,"p,o",0,0,0.785
a73,pwfksorc,"p: (0.008034,0.957082,0.6890539999999999);p: (0.008041,0.9296049999999999,0.68902);w: (-0.196022,1.35572,0.466005);w: (-0.05700499999999999,1.35572,0.46601800000000004);f: (-0.165225,0.7442479999999999,0.557615);f: (-0.20802600000000002,0.7442439999999999,0.557671);k: (-0.030993,0.7334229999999999,0.530651);k: (-0.07699199999999999,0.733425,0.531662);s: (0.10966,0.7466,0.505875);s: (0.071911,0.746328,0.519848);o: (-0.185,0.928,0.48103500000000005);o: (-0.18499200000000002,0.915077,0.481025);r: (-0.500441,0.743324,0.5217109999999999);r: (-0.606068,0.743321,0.524829);c: (-0.525007,0.923283,0.438);c: (-0.66,0.9232809999999999,0.438)","[-0.451354,-0.413918,0.156247],[0.513,-0.531,0.74],[0.513,-0.531,0.74],[0.513,-0.531,0.74],[0.513,-0.531,0.74],[0.513,-0.531,0.74],[0.513,-0.531,0.74],[0.513,-0.531,0.74],[0.513,-0.531,0.74],[0.513,-0.531,0.74],[0.513,-0.531,0.74],[0.513,-0.531,0.74],[0.513,-0.531,0.74],[0.513,-0.531,0.74],[0.513,-0.531,0.74]",t,"p,o",0,0,0.785
a76,pocgwkfkfser,"p: (0.008034,0.957082,0.6890539999999999);p: (0.008041,0.9296049999999999,0.68902);o: (-0.185,0.928,0.48103500000000005);o: (-0.18499200000000002,0.915077,0.481025);c: (-0.525007,0.923283,0.438);c: (-0.66,0.9232809999999999,0.438);g: (-0.595001,1.233,0.468999);g: (-0.7159989999999999,1.23301,0.469001);w: (0.083,1.35572,0.466);w: (-0.05700499999999999,1.35572,0.46601800000000004);k: (-0.030993,0.7334229999999999,0.530651);f: (-0.251825,0.744246,0.557668);k: (-0.07699199999999999,0.733425,0.531662);f: (-0.20802600000000002,0.7442439999999999,0.557671);s: (0.146585,0.7467189999999999,0.516146);s: (0.10966,0.7466,0.505875);e: (-0.765776,0.742873,0.515548);e: (-0.7940520000000001,0.7428739999999999,0.503884);r: (-0.500441,0.743324,0.5217109999999999);r: (-0.606068,0.743321,0.524829)","[-0.451354,-0.413918,0.156247],[0.513,-0.531,0.74],[0.513,-0.531,0.74],[0.513,-0.531,0.74],[0.513,-0.531,0.74],[0.513,-0.531,0.74],[0.513,-0.531,0.74],[0.513,-0.531,0.74],[0.513,-0.531,0.74],[0.513,-0.531,0.74],[0.513,-0.531,0.74],[0.513,-0.531,0.74],[0.513,-0.531,0.74],[0.513,-0.531,0.74],[0.513,-0.531,0.74]",t,"p,o",0,0,0.851
a77,powctgcog,"p: (0.008034,0.957082,0.6890539999999999);p: (0.008041,0.9296049999999999,0.68902);o: (-0.185,0.928,0.48103500000000005);w: (-0.196022,1.35572,0.466005);w: (-0.05700499999999999,1.35572,0.46601800000000004);c: (-0.525007,0.923283,0.438);t: (-0.649,1.52939,0.68);g: (-0.595001,1.233,0.468999);c: (-0.66,0.9232809999999999,0.438);o: (-0.18499200000000002,0.915077,0.481025);g: (-0.8379989999999999,1.233,0.468999)","[-0.451354,-0.413918,0.156247],[0.513,-0.531,0.74],[0.513,-0.531,0.74],[0.513,-0.531,0.74],[0.513,-0.531,0.74],[0.513,-0.531,0.74],[0.513,-0.531,0.74],[0.513,-0.531,0.74],[0.513,-0.531,0.74],[0.513,-0.531,0.74],[0.513,-0.531,0.74],[0.513,-0.531,0.74],[0.513,-0.531,0.74],[0.513,-0.531,0.74],[0.513,-0.531,0.74]",t,"p,o",0,0,0.806
a80,powgcpo,"p: (0.008034,0.957082,0.6890539999999999);p: (0.008041,0.9296049999999999,0.68902);o: (-0.185,0.928,0.48103500000000005);o: (-0.18499200000000002,0.915077,0.481025);w: (-0.196022,1.35572,0.466005);w: (-0.05700499999999999,1.35572,0.46601800000000004);g: (-0.595001,1.233,0.468999);g: (-0.7159989999999999,1.23301,0.469001);c: (-0.525007,0.923283,0.438);c: (-0.66,0.9232809999999999,0.438);p: (0.008001000000000001,0.902166,0.689002);o: (-0.18499200000000002,0.90217,0.481005)","[-0.451354,-0.413918,0.156247],[0.513,-0.531,0.74],[0.513,-0.531,0.74],[0.513,-0.531,0.74],[0.513,-0.531,0.74],[0.513,-0.531,0.74],[0.513,-0.531,0.74],[0.513,-0.531,0.74],[0.513,-0.531,0.74],[0.513,-0.531,0.74],[0.513,-0.531,0.74],[0.513,-0.531,0.74],[0.513,-0.531,0.74],[0.513,-0.531,0.74],[0.513,-0.531,0.74]",t,"p,o",0,0,0.756
a85,pwfkt,"p: (0.008034,0.957082,0.6890539999999999);p: (0.008041,0.9296049999999999,0.68902);w: (-0.196022,1.35572,0.466005);w: (-0.05700499999999999,1.35572,0.46601800000000004);f: (-0.165225,0.7442479999999999,0.557615);f: (-0.20802600000000002,0.7442439999999999,0.557671);k: (0.002996,0.733422,0.533535);k: (-0.030993,0.7334229999999999,0.530651);t: (-0.649,1.52939,0.68)","[-0.451354,-0.413918,0.156247],[0.513,-0.531,0.74],[0.513,-0.531,0.74],[0.513,-0.531,0.74],[0.513,-0.531,0.74],[0.513,-0.531,0.74],[0.513,-0.531,0.74],[0.513,-0.531,0.74],[0.513,-0.531,0.74],[0.513,-0.531,0.74],[0.513,-0.531,0.74],[0.513,-0.531,0.74],[0.513,-0.531,0.74],[0.513,-0.531,0.74],[0.513,-0.531,0.74]",t,"p,o",0,0,0.666
a87,pwokfkrg,"p: (0.008034,0.957082,0.6890539999999999);p: (0.008041,0.9296049999999999,0.68902);w: (-0.196022,1.35572,0.466005);w: (-0.05700499999999999,1.35572,0.46601800000000004);o: (-0.185,0.928,0.48103500000000005);o: (-0.18499200000000002,0.915077,0.481025);k: (-0.07699199999999999,0.733425,0.531662);f: (-0.251825,0.744246,0.557668);f: (-0.20802600000000002,0.7442439999999999,0.557671);k: (0.002996,0.733422,0.533535);r: (-0.500441,0.743324,0.5217109999999999);r: (-0.606068,0.743321,0.524829);g: (-0.595001,1.233,0.468999);g: (-0.7159989999999999,1.23301,0.469001)","[-0.451354,-0.413918,0.156247],[0.513,-0.531,0.74],[0.513,-0.531,0.74],[0.513,-0.531,0.74],[0.513,-0.531,0.74],[0.513,-0.531,0.74],[0.513,-0.531,0.74],[0.513,-0.531,0.74],[0.513,-0.531,0.74],[0.513,-0.531,0.74],[0.513,-0.531,0.74],[0.513,-0.531,0.74],[0.513,-0.531,0.74],[0.513,-0.531,0.74],[0.513,-0.531,0.74]",t,"p,o",0,0,0.785
a89,copcogpgwfksr,"c: (-0.66,0.9232809999999999,0.438);o: (-0.18499200000000002,0.915077,0.481025);p: (0.008034,0.957082,0.6890539999999999);c: (-0.525007,0.923283,0.438);o: (-0.185,0.928,0.48103500000000005);g: (0.393111,0.745051,-0.593776);p: (0.008001000000000001,0.902166,0.689002);g: (-0.8379989999999999,1.233,0.468999);w: (-0.196022,1.35572,0.466005);w: (-0.05700499999999999,1.35572,0.46601800000000004);f: (-0.165225,0.7442479999999999,0.557615);f: (-0.20802600000000002,0.7442439999999999,0.557671);k: (-0.07699199999999999,0.733425,0.531662);k: (-0.030993,0.7334229999999999,0.530651);s: (0.10966,0.7466,0.505875);s: (0.071911,0.746328,0.519848);r: (-0.500441,0.743324,0.5217109999999999);r: (-0.606068,0.743321,0.524829)","[-0.451354,-0.413918,0.156247],[0.513,-0.531,0.74],[0.513,-0.531,0.74],[0.513,-0.531,0.74],[0.513,-0.531,0.74],[0.513,-0.531,0.74],[0.513,-0.531,0.74],[0.513,-0.531,0.74],[0.513,-0.531,0.74],[0.513,-0.531,0.74],[0.513,-0.531,0.74],[0.513,-0.531,0.74],[0.513,-0.531,0.74],[0.513,-0.531,0.74],[0.513,-0.531,0.74]",t,"p,o",0,0,0.862
a93,pgsfkskfg,"p: (0.008034,0.957082,0.6890539999999999);p: (0.008041,0.9296049999999999,0.68902);g: (-0.595001,1.233,0.468999);s: (0.146585,0.7467189999999999,0.516146);f: (-0.165225,0.7442479999999999,0.557615);k: (-0.030993,0.7334229999999999,0.530651);s: (0.10966,0.7466,0.505875);k: (-0.07699199999999999,0.733425,0.531662);f: (-0.20802600000000002,0.7442439999999999,0.557671);g: (-0.7159989999999999,1.23301,0.469001)","[-0.451354,-0.413918,0.156247],[0.513,-0.531,0.74],[0.513,-0.531,0.74],[0.513,-0.531,0.74],[0.513,-0.531,0.74],[0.513,-0.531,0.74],[0.513,-0.531,0.74],[0.513,-0.531,0.74],[0.513,-0.531,0.74],[0.513,-0.531,0.74],[0.513,-0.531,0.74],[0.513,-0.531,0.74],[0.513,-0.531,0.74],[0.513,-0.531,0.74],[0.513,-0.531,0.74]",t,"p,o",0,0,0.806
a99,wgptocopwg,"w: (0.083,1.35572,0.466);g: (-0.595001,1.233,0.468999);p: (0.008034,0.957082,0.6890539999999999);t: (-0.649,1.52939,0.68);o: (-0.185,0.928,0.48103500000000005);c: (-0.525007,0.923283,0.438);c: (-0.66,0.9232809999999999,0.438);c: (-0.7949970000000001,0.9232809999999999,0.438);o: (-0.18499200000000002,0.902176,0.48100600000000004);o: (-0.18499200000000002,0.915077,0.481025);p: (0.008001000000000001,0.902166,0.689002);p: (0.008041,0.9296049999999999,0.68902);w: (-0.196022,1.35572,0.466005);w: (-0.05700499999999999,1.35572,0.46601800000000004);g: (-0.7159989999999999,1.23301,0.469001);g: (-0.8379989999999999,1.233,0.468999)","[-0.451354,-0.413918,0.156247],[0.513,-0.531,0.74],[0.513,-0.531,0.74],[0.513,-0.531,0.74],[0.513,-0.531,0.74],[0.513,-0.531,0.74],[0.513,-0.531,0.74],[0.513,-0.531,0.74],[0.513,-0.531,0.74],[0.513,-0.531,0.74],[0.513,-0.531,0.74],[0.513,-0.531,0.74],[0.513,-0.531,0.74],[0.513,-0.531,0.74],[0.513,-0.531,0.74]",t,"p,o",0,0,0.824
a100,powcgre,"p: (0.008034,0.957082,0.6890539999999999);p: (0.008041,0.9296049999999999,0.68902);o: (-0.185,0.928,0.48103500000000005);o: (-0.18499200000000002,0.915077,0.481025);w: (0.083,1.35572,0.466);w: (-0.05700499999999999,1.35572,0.46601800000000004);c: (-0.525007,0.923283,0.438);c: (-0.66,0.9232809999999999,0.438);g: (-0.595001,1.233,0.468999);g: (-0.7159989999999999,1.23301,0.469001);r: (-0.500441,0.743324,0.5217109999999999);r: (-0.606068,0.743321,0.524829);e: (-0.7940520000000001,0.7428739999999999,0.503884);e: (-0.765776,0.742873,0.515548)","[-0.451354,-0.413918,0.156247],[0.513,-0.531,0.74],[0.513,-0.531,0.74],[0.513,-0.531,0.74],[0.513,-0.531,0.74],[0.513,-0.531,0.74],[0.513,-0.531,0.74],[0.513,-0.531,0.74],[0.513,-0.531,0.74],[0.513,-0.531,0.74],[0.513,-0.531,0.74],[0.513,-0.531,0.74],[0.513,-0.531,0.74],[0.513,-0.531,0.74],[0.513,-0.531,0.74]",t,"p,o",0,0,0.756
a102,perkscwgtf,"p: (0.008034,0.957082,0.6890539999999999);e: (-0.765776,0.742873,0.515548);r: (-0.500441,0.743324,0.5217109999999999);k: (-0.07699199999999999,0.733425,0.531662);s: (0.10966,0.7466,0.505875);c: (-0.525007,0.923283,0.438);w: (-0.196022,1.35572,0.466005);g: (-0.595001,1.233,0.468999);t: (-0.649,1.52939,0.68);f: (-0.165225,0.7442479999999999,0.557615)","[-0.451354,-0.413918,0.156247],[0.513,-0.531,0.74],[0.513,-0.531,0.74],[0.513,-0.531,0.74],[0.513,-0.531,0.74],[0.513,-0.531,0.74],[0.513,-0.531,0.74],[0.513,-0.531,0.74],[0.513,-0.531,0.74],[0.513,-0.531,0.74],[0.513,-0.531,0.74],[0.513,-0.531,0.74],[0.513,-0.531,0.74],[0.513,-0.531,0.74],[0.513,-0.531,0.74]",t,"p,o",0,0,0.824
a106,pcgworkfkfs,"p: (0.008034,0.957082,0.6890539999999999);p: (0.008041,0.9296049999999999,0.68902);c: (-0.66,0.9232809999999999,0.438);c: (-0.525007,0.923283,0.438);g: (-0.595001,1.233,0.468999);g: (-0.7159989999999999,1.23301,0.469001);w: (-0.05700499999999999,1.35572,0.46601800000000004);w: (-0.196022,1.35572,0.466005);o: (-0.18499200000000002,0.915077,0.481025);o: (-0.185,0.928,0.48103500000000005);r: (-0.49874300000000005,0.743328,0.510292);r: (-0.604414,0.7432949999999999,0.5142939999999999);k: (-0.031067,0.733433,0.53156);f: (-0.251917,0.744236,0.558825);k: (-0.077052,0.733436,0.532504);f: (-0.20815999999999998,0.744224,0.558847);s: (0.145366,0.746552,0.517574);s: (0.108329,0.74661,0.5069819999999999)","[-0.451354,-0.413918,0.156247],[0.513,-0.531,0.74],[0.513,-0.531,0.74],[0.513,-0.531,0.74],[0.513,-0.531,0.74],[0.513,-0.531,0.74],[0.513,-0.531,0.74],[0.513,-0.531,0.74],[0.513,-0.531,0.74],[0.513,-0.531,0.74],[0.513,-0.531,0.74],[0.513,-0.531,0.74],[0.513,-0.531,0.74],[0.513,-0.531,0.74],[0.513,-0.531,0.74]",t,"p,o",0,0,0.838
a108,popocgkr,"p: (0.008034,0.957082,0.6890539999999999);o: (-0.185,0.928,0.48103500000000005);p: (0.008041,0.9296049999999999,0.68902);o: (-0.18499200000000002,0.915077,0.481025);c: (-0.525007,0.923283,0.438);c: (-0.66,0.9232809999999999,0.438);g: (-0.595001,1.233,0.468999);g: (-0.7159989999999999,1.23301,0.469001);k: (-0.030993,0.7334229999999999,0.530651);k: (-0.07699199999999999,0.733425,0.531662);r: (-0.500441,0.743324,0.5217109999999999);r: (-0.606068,0.743321,0.524829)","[-0.451354,-0.413918,0.156247],[0.513,-0.531,0.74],[0.513,-0.531,0.74],[0.513,-0.531,0.74],[0.513,-0.531,0.74],[0.513,-0.531,0.74],[0.513,-0.531,0.74],[0.513,-0.531,0.74],[0.513,-0.531,0.74],[0.513,-0.531,0.74],[0.513,-0.531,0.74],[0.513,-0.531,0.74],[0.513,-0.531,0.74],[0.513,-0.531,0.74],[0.513,-0.531,0.74]",t,"p,o",0,0,0.785
a109,pwtgcfkfksr,"p: (0.008034,0.957082,0.6890539999999999);w: (-0.05700499999999999,1.35572,0.46601800000000004);t: (-0.649,1.52939,0.68);g: (-0.7159989999999999,1.23301,0.469001);g: (-0.595001,1.233,0.468999);c: (-0.525007,0.923283,0.438);c: (-0.7949970000000001,0.9232809999999999,0.438);f: (-0.20802600000000002,0.7442439999999999,0.557671);k: (-0.07699199999999999,0.733425,0.531662);f: (-0.165225,0.7442479999999999,0.557615);k: (-0.030993,0.7334229999999999,0.530651);s: (0.10966,0.7466,0.505875);s: (0.071911,0.746328,0.519848);r: (-0.500441,0.743324,0.5217109999999999);r: (-0.606068,0.743321,0.524829)","[-0.451354,-0.413918,0.156247],[0.513,-0.531,0.74],[0.513,-0.531,0.74],[0.513,-0.531,0.74],[0.513,-0.531,0.74],[0.513,-0.531,0.74],[0.513,-0.531,0.74],[0.513,-0.531,0.74],[0.513,-0.531,0.74],[0.513,-0.531,0.74],[0.513,-0.531,0.74],[0.513,-0.531,0.74],[0.513,-0.531,0.74],[0.513,-0.531,0.74],[0.513,-0.531,0.74]",t,"p,o",0,0,0.838
a114,pocwkf,"p: (0.008034,0.957082,0.6890539999999999);p: (0.008041,0.9296049999999999,0.68902);o: (-0.185,0.928,0.48103500000000005);o: (-0.18499200000000002,0.915077,0.481025);c: (-0.525007,0.923283,0.438);c: (-0.66,0.9232809999999999,0.438);w: (-0.196022,1.35572,0.466005);w: (-0.05700499999999999,1.35572,0.46601800000000004);k: (-0.030993,0.7334229999999999,0.530651);k: (-0.07699199999999999,0.733425,0.531662);f: (-0.20802600000000002,0.7442439999999999,0.557671);f: (-0.165225,0.7442479999999999,0.557615)","[-0.451354,-0.413918,0.156247],[0.513,-0.531,0.74],[0.513,-0.531,0.74],[0.513,-0.531,0.74],[0.513,-0.531,0.74],[0.513,-0.531,0.74],[0.513,-0.531,0.74],[0.513,-0.531,0.74],[0.513,-0.531,0.74],[0.513,-0.531,0.74],[0.513,-0.531,0.74],[0.513,-0.531,0.74],[0.513,-0.531,0.74],[0.513,-0.531,0.74],[0.513,-0.531,0.74]",t,"p,o",0,0,0.723
a116,pgkfkf,"p: (0.008034,0.957082,0.6890539999999999);p: (0.008041,0.9296049999999999,0.68902);g: (-0.595001,1.233,0.468999);g: (-0.7159989999999999,1.23301,0.469001);g: (-0.8379989999999999,1.233,0.468999);k: (-0.030993,0.7334229999999999,0.530651);f: (-0.165225,0.7442479999999999,0.557615);k: (-0.07699199999999999,0.733425,0.531662);f: (-0.20802600000000002,0.7442439999999999,0.557671)","[-0.451354,-0.413918,0.156247],[0.513,-0.531,0.74],[0.513,-0.531,0.74],[0.513,-0.531,0.74],[0.513,-0.531,0.74],[0.513,-0.531,0.74],[0.513,-0.531,0.74],[0.513,-0.531,0.74],[0.513,-0.531,0.74],[0.513,-0.531,0.74],[0.513,-0.531,0.74],[0.513,-0.531,0.74],[0.513,-0.531,0.74],[0.513,-0.531,0.74],[0.513,-0.531,0.74]",t,"p,o",0,0,0.723
a118,cwopg,"c: (-0.66,0.9232809999999999,0.438);w: (-0.196022,1.35572,0.466005);o: (-0.185,0.928,0.48103500000000005);p: (0.008034,0.957082,0.6890539999999999);g: (0.241356,0.78465,-0.5846140000000001)","[-0.451354,-0.413918,0.156247],[0.513,-0.531,0.74],[0.513,-0.531,0.74],[0.513,-0.531,0.74],[0.513,-0.531,0.74],[0.513,-0.531,0.74],[0.513,-0.531,0.74],[0.513,-0.531,0.74],[0.513,-0.531,0.74],[0.513,-0.531,0.74],[0.513,-0.531,0.74],[0.513,-0.531,0.74],[0.513,-0.531,0.74],[0.513,-0.531,0.74],[0.513,-0.531,0.74]",t,"p,o",0,0,0.666
a120,powcgkfkfr,"p: (0.008034,0.957082,0.6890539999999999);p: (0.008041,0.9296049999999999,0.68902);o: (-0.185,0.928,0.48103500000000005);o: (-0.18499200000000002,0.915077,0.481025);w: (0.083,1.35572,0.466);w: (-0.196022,1.35572,0.466005);c: (-0.66,0.9232809999999999,0.438);c: (-0.525007,0.923283,0.438);g: (-0.595001,1.233,0.468999);g: (-0.8379989999999999,1.233,0.468999);k: (-0.07699199999999999,0.733425,0.531662);f: (-0.251825,0.744246,0.557668);k: (-0.030993,0.7334229999999999,0.530651);f: (-0.20802600000000002,0.7442439999999999,0.557671);r: (-0.500441,0.743324,0.5217109999999999);r: (-0.606068,0.743321,0.524829)","[-0.451354,-0.413918,0.156247],[0.513,-0.531,0.74],[0.513,-0.531,0.74],[0.513,-0.531,0.74],[0.513,-0.531,0.74],[0.513,-0.531,0.74],[0.513,-0.531,0.74],[0.513,-0.531,0.74],[0.513,-0.531,0.74],[0.513,-0.531,0.74],[0.513,-0.531,0.74],[0.513,-0.531,0.74],[0.513,-0.531,0.74],[0.513,-0.531,0.74],[0.513,-0.531,0.74]",t,"p,o",0,0,0.824
a128,wpgfksk,"w: (-0.196022,1.35572,0.466005);w: (-0.05700499999999999,1.35572,0.46601800000000004);p: (0.008034,0.957082,0.6890539999999999);p: (0.008041,0.9296049999999999,0.68902);g: (-0.595001,1.233,0.468999);g: (-0.7159989999999999,1.23301,0.469001);f: (-0.165225,0.7442479999999999,0.557615);f: (-0.20802600000000002,0.7442439999999999,0.557671);k: (-0.030993,0.7334229999999999,0.530651);s: (0.10966,0.7466,0.505875);s: (0.146585,0.7467189999999999,0.516146);k: (-0.07699199999999999,0.733425,0.531662)","[-0.451354,-0.413918,0.156247],[0.513,-0.531,0.74],[0.513,-0.531,0.74],[0.513,-0.531,0.74],[0.513,-0.531,0.74],[0.513,-0.531,0.74],[0.513,-0.531,0.74],[0.513,-0.531,0.74],[0.513,-0.531,0.74],[0.513,-0.531,0.74],[0.513,-0.531,0.74],[0.513,-0.531,0.74],[0.513,-0.531,0.74],[0.513,-0.531,0.74],[0.513,-0.531,0.74]",t,"p,o",0,0,0.756
a131,pocwcpoere,"p: (0.008034,0.957082,0.6890539999999999);o: (-0.185,0.928,0.48103500000000005);c: (-0.525007,0.923283,0.438);w: (-0.196022,1.35572,0.466005);c: (-0.66,0.9232809999999999,0.438);p: (0.008041,0.9296049999999999,0.68902);o: (-0.18499200000000002,0.915077,0.481025);e: (-0.7940520000000001,0.7428739999999999,0.503884);r: (-0.606068,0.743321,0.524829);r: (-0.500441,0.743324,0.5217109999999999);e: (-0.765776,0.742873,0.515548)","[-0.451354,-0.413918,0.156247],[0.513,-0.531,0.74],[0.513,-0.531,0.74],[0.513,-0.531,0.74],[0.513,-0.531,0.74],[0.513,-0.531,0.74],[0.513,-0.531,0.74],[0.513,-0.531,0.74],[0.513,-0.531,0.74],[0.513,-0.531,0.74],[0.513,-0.531,0.74],[0.513,-0.531,0.74],[0.513,-0.531,0.74],[0.513,-0.531,0.74],[0.513,-0.531,0.74]",t,"p,o",0,0,0.824
a137,pwkf,"p: (0.008034,0.957082,0.6890539999999999);w: (-0.196022,1.35572,0.466005);k: (-0.030993,0.7334229999999999,0.530651);f: (-0.20802600000000002,0.7442439999999999,0.557671)","[-0.451354,-0.413918,0.156247],[0.513,-0.531,0.74],[0.513,-0.531,0.74],[0.513,-0.531,0.74],[0.513,-0.531,0.74],[0.513,-0.531,0.74],[0.513,-0.531,0.74],[0.513,-0.531,0.74],[0.513,-0.531,0.74],[0.513,-0.531,0.74],[0.513,-0.531,0.74],[0.513,-0.531,0.74],[0.513,-0.531,0.74],[0.513,-0.531,0.74],[0.513,-0.531,0.74]",t,"p,o",0,0,0.605
a142,cptgo,"c: (-0.525007,0.923283,0.438);p: (0.008088,0.9570780000000001,0.689128);t: (-0.649,1.52939,0.68);g: (-0.595001,1.233,0.468999);o: (-0.184988,0.915076,0.48103100000000004)","[-0.451354,-0.413918,0.156247],[0.513,-0.531,0.74],[0.513,-0.531,0.74],[0.513,-0.531,0.74],[0.513,-0.531,0.74],[0.513,-0.531,0.74],[0.513,-0.531,0.74],[0.513,-0.531,0.74],[0.513,-0.531,0.74],[0.513,-0.531,0.74],[0.513,-0.531,0.74],[0.513,-0.531,0.74],[0.513,-0.531,0.74],[0.513,-0.531,0.74],[0.513,-0.531,0.74]",t,"p,o",0,0,0.666
a149,pocfkswgr,"p: (0.008034,0.957082,0.6890539999999999);p: (0.008041,0.9296049999999999,0.68902);o: (-0.185,0.928,0.48103500000000005);o: (-0.18499200000000002,0.915077,0.481025);c: (-0.660004,0.923283,0.438);c: (-0.525007,0.923283,0.438);f: (-0.165225,0.7442479999999999,0.557615);f: (-0.20802600000000002,0.7442439999999999,0.557671);k: (-0.030993,0.7334229999999999,0.530651);k: (0.002996,0.733422,0.533535);s: (0.146585,0.7467189999999999,0.516146);s: (0.10966,0.7466,0.505875);w: (-0.05700499999999999,1.35572,0.46601800000000004);w: (0.083,1.35572,0.466);g: (-0.595001,1.233,0.468999);g: (-0.7159989999999999,1.23301,0.469001);r: (-0.500441,0.743324,0.5217109999999999);r: (-0.606068,0.743321,0.524829)","[-0.451354,-0.413918,0.156247],[0.513,-0.531,0.74],[0.513,-0.531,0.74],[0.513,-0.531,0.74],[0.513,-0.531,0.74],[0.513,-0.531,0.74],[0.513,-0.531,0.74],[0.513,-0.531,0.74],[0.513,-0.531,0.74],[0.513,-0.531,0.74],[0.513,-0.531,0.74],[0.513,-0.531,0.74],[0.513,-0.531,0.74],[0.513,-0.531,0.74],[0.513,-0.531,0.74]",t,"p,o",0,0,0.806
a152,powcfkfk,"p: (0.008034,0.957082,0.6890539999999999);p: (0.008041,0.9296049999999999,0.68902);o: (-0.185,0.928,0.48103500000000005);o: (-0.18499200000000002,0.915077,0.481025);w: (-0.196022,1.35572,0.466005);w: (-0.05700499999999999,1.35572,0.46601800000000004);c: (-0.525007,0.923283,0.438);c: (-0.66,0.9232809999999999,0.438);f: (-0.165225,0.7442479999999999,0.557615);k: (-0.030993,0.7334229999999999,0.530651);f: (-0.20802600000000002,0.7442439999999999,0.557671);k: (-0.07699199999999999,0.733425,0.531662)","[-0.451354,-0.413918,0.156247],[0.513,-0.531,0.74],[0.513,-0.531,0.74],[0.513,-0.531,0.74],[0.513,-0.531,0.74],[0.513,-0.531,0.74],[0.513,-0.531,0.74],[0.513,-0.531,0.74],[0.513,-0.531,0.74],[0.513,-0.531,0.74],[0.513,-0.531,0.74],[0.513,-0.531,0.74],[0.513,-0.531,0.74],[0.513,-0.531,0.74],[0.513,-0.531,0.74]",t,"p,o",0,0,0.785
a153,pwgfksfk,"p: (0.008034,0.957082,0.6890539999999999);p: (0.008041,0.9296049999999999,0.68902);w: (-0.196022,1.35572,0.466005);w: (-0.05700499999999999,1.35572,0.46601800000000004);g: (-0.595001,1.233,0.468999);g: (-0.7159989999999999,1.23301,0.469001);f: (-0.165225,0.7442479999999999,0.557615);k: (-0.030993,0.7334229999999999,0.530651);s: (0.146585,0.7467189999999999,0.516146);s: (0.10966,0.7466,0.505875);f: (-0.20802600000000002,0.7442439999999999,0.557671);k: (0.002996,0.733422,0.533535)","[-0.451354,-0.413918,0.156247],[0.513,-0.531,0.74],[0.513,-0.531,0.74],[0.513,-0.531,0.74],[0.513,-0.531,0.74],[0.513,-0.531,0.74],[0.513,-0.531,0.74],[0.513,-0.531,0.74],[0.513,-0.531,0.74],[0.513,-0.531,0.74],[0.513,-0.531,0.74],[0.513,-0.531,0.74],[0.513,-0.531,0.74],[0.513,-0.531,0.74],[0.513,-0.531,0.74]",t,"p,o",0,0,0.785
a156,gpwfks,"g: (-0.595001,1.233,0.468999);g: (-0.7159989999999999,1.23301,0.469001);p: (0.008041,0.9296049999999999,0.68902);p: (0.008034,0.957082,0.6890539999999999);w: (-0.05700499999999999,1.35572,0.46601800000000004);w: (-0.196022,1.35572,0.466005);f: (-0.251825,0.744246,0.557668);f: (-0.165225,0.7442479999999999,0.557615);k: (-0.030993,0.7334229999999999,0.530651);k: (-0.07699199999999999,0.733425,0.531662);s: (0.10966,0.7466,0.505875);s: (0.071911,0.746328,0.519848)","[-0.451354,-0.413918,0.156247],[0.513,-0.531,0.74],[0.513,-0.531,0.74],[0.513,-0.531,0.74],[0.513,-0.531,0.74],[0.513,-0.531,0.74],[0.513,-0.531,0.74],[0.513,-0.531,0.74],[0.513,-0.531,0.74],[0.513,-0.531,0.74],[0.513,-0.531,0.74],[0.513,-0.531,0.74],[0.513,-0.531,0.74],[0.513,-0.531,0.74],[0.513,-0.531,0.74]",t,"p,o",0,0,0.723
a158,cgwpw,"c: (-0.525007,0.923283,0.438);g: (-0.595001,1.233,0.468999);w: (0.39989,0.799442,-0.6944);p: (0.008034,0.957082,0.6890539999999999);w: (-0.05700499999999999,1.35572,0.46601800000000004)","[-0.451354,-0.413918,0.156247],[0.513,-0.531,0.74],[0.513,-0.531,0.74],[0.513,-0.531,0.74],[0.513,-0.531,0.74],[0.513,-0.531,0.74],[0.513,-0.531,0.74],[0.513,-0.531,0.74],[0.513,-0.531,0.74],[0.513,-0.531,0.74],[0.513,-0.531,0.74],[0.513,-0.531,0.74],[0.513,-0.531,0.74],[0.513,-0.531,0.74],[0.513,-0.531,0.74]",t,"p,o",0,0,0.666
a161,cwopgtrekfksksf,"c: (-0.525007,0.923283,0.438);c: (-0.66,0.9232809999999999,0.438);c: (-0.7949970000000001,0.9232809999999999,0.438);w: (-0.05700499999999999,1.35572,0.46601800000000004);w: (-0.196022,1.35572,0.466005);w: (0.083,1.35572,0.466);o: (-0.185,0.928,0.48103500000000005);o: (-0.18499200000000002,0.915077,0.481025);o: (-0.18499200000000002,0.90217,0.481005);p: (0.008041,0.9296049999999999,0.68902);p: (0.008034,0.957082,0.6890539999999999);p: (0.008001000000000001,0.902166,0.689002);g: (-0.595001,1.233,0.468999);g: (-0.7159989999999999,1.23301,0.469001);g: (-0.8379989999999999,1.233,0.468999);t: (-0.649,1.52939,0.68);r: (-0.500441,0.743324,0.5217109999999999);r: (-0.606068,0.743321,0.524829);e: (-0.765776,0.742873,0.515548);e: (-0.7940520000000001,0.7428739999999999,0.503884);k: (-0.07699199999999999,0.733425,0.531662);f: (-0.165225,0.7442479999999999,0.557615);k: (-0.030993,0.7334229999999999,0.530651);s: (0.071911,0.746328,0.519848);k: (0.002996,0.733422,0.533535);s: (0.146585,0.7467189999999999,0.516146);s: (0.10966,0.7466,0.505875);f: (-0.20802600000000002,0.7442439999999999,0.557671);f: (-0.251825,0.744246,0.557668)","[-0.451354,-0.413918,0.156247],[0.513,-0.531,0.74],[0.513,-0.531,0.74],[0.513,-0.531,0.74],[0.513,-0.531,0.74],[0.513,-0.531,0.74],[0.513,-0.531,0.74],[0.513,-0.531,0.74],[0.513,-0.531,0.74],[0.513,-0.531,0.74],[0.513,-0.531,0.74],[0.513,-0.531,0.74],[0.513,-0.531,0.74],[0.513,-0.531,0.74],[0.513,-0.531,0.74]",t,"p,o",0,0,0.878
a164,pocsfkw,"p: (0.008034,0.957082,0.6890539999999999);o: (-0.185,0.928,0.48103500000000005);c: (-0.7949970000000001,0.9232809999999999,0.438);s: (0.146585,0.7467189999999999,0.516146);f: (-0.251825,0.744246,0.557668);k: (-0.030993,0.7334229999999999,0.530651);w: (-0.196022,1.35572,0.466005)","[-0.451354,-0.413918,0.156247],[0.513,-0.531,0.74],[0.513,-0.531,0.74],[0.513,-0.531,0.74],[0.513,-0.531,0.74],[0.513,-0.531,0.74],[0.513,-0.531,0.74],[0.513,-0.531,0.74],[0.513,-0.531,0.74],[0.513,-0.531,0.74],[0.513,-0.531,0.74],[0.513,-0.531,0.74],[0.513,-0.531,0.74],[0.513,-0.531,0.74],[0.513,-0.531,0.74]",t,"p,o",0,0,0.756
a172,ocpwgfkf,"o: (-0.185,0.928,0.48103500000000005);o: (-0.18499200000000002,0.915077,0.481025);c: (-0.525007,0.923283,0.438);c: (-0.66,0.9232809999999999,0.438);p: (0.008034,0.957082,0.6890539999999999);p: (0.008041,0.9296049999999999,0.68902);w: (-0.196022,1.35572,0.466005);w: (-0.05700499999999999,1.35572,0.46601800000000004);g: (-0.595001,1.233,0.468999);g: (-0.7159989999999999,1.23301,0.469001);f: (-0.165225,0.7442479999999999,0.557615);k: (-0.07699199999999999,0.733425,0.531662);k: (-0.030993,0.7334229999999999,0.530651);f: (-0.20802600000000002,0.7442439999999999,0.557671)","[-0.451354,-0.413918,0.156247],[0.513,-0.531,0.74],[0.513,-0.531,0.74],[0.513,-0.531,0.74],[0.513,-0.531,0.74],[0.513,-0.531,0.74],[0.513,-0.531,0.74],[0.513,-0.531,0.74],[0.513,-0.531,0.74],[0.513,-0.531,0.74],[0.513,-0.531,0.74],[0.513,-0.531,0.74],[0.513,-0.531,0.74],[0.513,-0.531,0.74],[0.513,-0.531,0.74]",t,"p,o",0,0,0.785
a174,pwgterkfsoc,"p: (0.008041,0.9296049999999999,0.68902);p: (0.008034,0.957082,0.6890539999999999);w: (-0.196022,1.35572,0.466005);w: (-0.05700499999999999,1.35572,0.46601800000000004);g: (-0.595001,1.233,0.468999);g: (-0.7159989999999999,1.23301,0.469001);t: (-0.649,1.52939,0.68);e: (-0.7940520000000001,0.7428739999999999,0.503884);e: (-0.765776,0.742873,0.515548);r: (-0.500441,0.743324,0.5217109999999999);r: (-0.606068,0.743321,0.524829);k: (-0.030993,0.7334229999999999,0.530651);k: (-0.07699199999999999,0.733425,0.531662);f: (-0.20802600000000002,0.7442439999999999,0.557671);f: (-0.165225,0.7442479999999999,0.557615);s: (0.10966,0.7466,0.505875);s: (0.071911,0.746328,0.519848);o: (-0.18499200000000002,0.915077,0.481025);o: (-0.185,0.928,0.48103500000000005);c: (-0.66,0.9232809999999999,0.438);c: (-0.525007,0.923283,0.438)","[-0.451354,-0.413918,0.156247],[0.513,-0.531,0.74],[0.513,-0.531,0.74],[0.513,-0.531,0.74],[0.513,-0.531,0.74],[0.513,-0.531,0.74],[0.513,-0.531,0.74],[0.513,-0.531,0.74],[0.513,-0.531,0.74],[0.513,-0.531,0.74],[0.513,-0.531,0.74],[0.513,-0.531,0.74],[0.513,-0.531,0.74],[0.513,-0.531,0.74],[0.513,-0.531,0.74]",t,"p,o",0,0,0.838
a177,pocgwrkfs,"p: (0.008034,0.957082,0.6890539999999999);o: (-0.185,0.928,0.48103500000000005);c: (-0.525007,0.923283,0.438);g: (-0.595001,1.233,0.468999);w: (-0.196022,1.35572,0.466005);r: (-0.500441,0.743324,0.5217109999999999);k: (-0.030993,0.7334229999999999,0.530651);f: (-0.165225,0.7442479999999999,0.557615);s: (0.10966,0.7466,0.505875)","[-0.451354,-0.413918,0.156247],[0.513,-0.531,0.74],[0.513,-0.531,0.74],[0.513,-0.531,0.74],[0.513,-0.531,0.74],[0.513,-0.531,0.74],[0.513,-0.531,0.74],[0.513,-0.531,0.74],[0.513,-0.531,0.74],[0.513,-0.531,0.74],[0.513,-0.531,0.74],[0.513,-0.531,0.74],[0.513,-0.531,0.74],[0.513,-0.531,0.74],[0.513,-0.531,0.74]",t,"p,o",0,0,0.806
a178,tgcwpro,"t: (-0.649,1.52939,0.68);g: (-0.595001,1.233,0.468999);c: (-0.7949970000000001,0.9232809999999999,0.438);w: (-0.196022,1.35572,0.466005);p: (0.008034,0.957082,0.6890539999999999);r: (-0.500441,0.743324,0.5217109999999999);o: (-0.185,0.928,0.48103500000000005)","[-0.451354,-0.413918,0.156247],[0.513,-0.531,0.74],[0.513,-0.531,0.74],[0.513,-0.531,0.74],[0.513,-0.531,0.74],[0.513,-0.531,0.74],[0.513,-0.531,0.74],[0.513,-0.531,0.74],[0.513,-0.531,0.74],[0.513,-0.531,0.74],[0.513,-0.531,0.74],[0.513,-0.531,0.74],[0.513,-0.531,0.74],[0.513,-0.531,0.74],[0.513,-0.531,0.74]",t,"p,o",0,0,0.756
a180,pocgkfskfr,"p: (0.008034,0.957082,0.6890539999999999);p: (0.008041,0.9296049999999999,0.68902);o: (-0.185,0.928,0.48103500000000005);o: (-0.18499200000000002,0.915077,0.481025);c: (-0.5250090000000001,0.923284,0.43800500000000003);c: (-0.66,0.9232809999999999,0.438);g: (-0.595001,1.233,0.468999);g: (-0.7159989999999999,1.23301,0.469001);g: (-0.8379989999999999,1.233,0.468999);k: (-0.030993,0.7334229999999999,0.530651);f: (-0.165225,0.7442479999999999,0.557615);s: (0.10966,0.7466,0.505875);s: (0.071911,0.746328,0.519848);k: (0.002996,0.733422,0.533535);f: (-0.20802600000000002,0.7442439999999999,0.557671);r: (-0.606068,0.743321,0.524829);r: (-0.500441,0.743324,0.5217109999999999)","[-0.451354,-0.413918,0.156247],[0.513,-0.531,0.74],[0.513,-0.531,0.74],[0.513,-0.531,0.74],[0.513,-0.531,0.74],[0.513,-0.531,0.74],[0.513,-0.531,0.74],[0.513,-0.531,0.74],[0.513,-0.531,0.74],[0.513,-0.531,0.74],[0.513,-0.531,0.74],[0.513,-0.531,0.74],[0.513,-0.531,0.74],[0.513,-0.531,0.74],[0.513,-0.531,0.74]",t,"p,o",0,0,0.824
a185,pgcow,"p: (0.008034,0.957082,0.6890539999999999);p: (0.008041,0.9296049999999999,0.68902);g: (-0.595001,1.233,0.468999);g: (-0.7159989999999999,1.23301,0.469001);c: (-0.66,0.9232809999999999,0.438);c: (-0.525007,0.923283,0.438);o: (-0.18499200000000002,0.915077,0.481025);o: (-0.185,0.928,0.48103500000000005);w: (-0.196022,1.35572,0.466005);w: (-0.05700499999999999,1.35572,0.46601800000000004)","[-0.451354,-0.413918,0.156247],[0.513,-0.531,0.74],[0.513,-0.531,0.74],[0.513,-0.531,0.74],[0.513,-0.531,0.74],[0.513,-0.531,0.74],[0.513,-0.531,0.74],[0.513,-0.531,0.74],[0.513,-0.531,0.74],[0.513,-0.531,0.74],[0.513,-0.531,0.74],[0.513,-0.531,0.74],[0.513,-0.531,0.74],[0.513,-0.531,0.74],[0.513,-0.531,0.74]",t,"p,o",0,0,0.666
a187,opwg,"o: (-0.185,0.928,0.48103500000000005);p: (0.008034,0.957082,0.6890539999999999);w: (-0.196022,1.35572,0.466005);g: (-0.595001,1.233,0.468999)","[-0.451354,-0.413918,0.156247],[0.513,-0.531,0.74],[0.513,-0.531,0.74],[0.513,-0.531,0.74],[0.513,-0.531,0.74],[0.513,-0.531,0.74],[0.513,-0.531,0.74],[0.513,-0.531,0.74],[0.513,-0.531,0.74],[0.513,-0.531,0.74],[0.513,-0.531,0.74],[0.513,-0.531,0.74],[0.513,-0.531,0.74],[0.513,-0.531,0.74],[0.513,-0.531,0.74]",t,"p,o",0,0,0.605
a191,wpgcowpcfksre,"w: (-0.05700499999999999,1.35572,0.46601800000000004);p: (0.008034,0.957082,0.6890539999999999);g: (-0.595001,1.233,0.468999);c: (-0.525007,0.923283,0.438);o: (-0.185,0.928,0.48103500000000005);o: (-0.18499200000000002,0.915077,0.481025);w: (-0.196022,1.35572,0.466005);p: (0.008041,0.9296049999999999,0.68902);c: (-0.66,0.9232809999999999,0.438);f: (-0.165225,0.7442479999999999,0.557615);k: (-0.030993,0.7334229999999999,0.530651);s: (0.10966,0.7466,0.505875);r: (-0.500441,0.743324,0.5217109999999999);e: (-0.765776,0.742873,0.515548)","[-0.451354,-0.413918,0.156247],[0.513,-0.531,0.74],[0.513,-0.531,0.74],[0.513,-0.531,0.74],[0.513,-0.531,0.74],[0.513,-0.531,0.74],[0.513,-0.531,0.74],[0.513,-0.531,0.74],[0.513,-0.531,0.74],[0.513,-0.531,0.74],[0.513,-0.531,0.74],[0.513,-0.531,0.74],[0.513,-0.531,0.74],[0.513,-0.531,0.74],[0.513,-0.531,0.74]",t,"p,o",0,0,0.862
a195,re,"r: (-0.606068,0.743321,0.524829);e: (-0.7940520000000001,0.7428739999999999,0.503884)","[-0.451354,-0.413918,0.156247],[0.513,-0.531,0.74],[0.513,-0.531,0.74],[0.513,-0.531,0.74],[0.513,-0.531,0.74],[0.513,-0.531,0.74],[0.513,-0.531,0.74],[0.513,-0.531,0.74],[0.513,-0.531,0.74],[0.513,-0.531,0.74],[0.513,-0.531,0.74],[0.513,-0.531,0.74],[0.513,-0.531,0.74],[0.513,-0.531,0.74],[0.513,-0.531,0.74]",t,"p,o",0,0,0.25
a198,ptwgfks,"p: (0.008034,0.957082,0.6890539999999999);p: (0.008041,0.9296049999999999,0.68902);t: (-0.649,1.52939,0.68);w: (-0.196022,1.35572,0.466005);w: (-0.05700499999999999,1.35572,0.46601800000000004);g: (-0.8379989999999999,1.233,0.468999);g: (-0.595001,1.233,0.468999);f: (-0.251825,0.744246,0.557668);f: (-0.20802600000000002,0.7442439999999999,0.557671);k: (-0.07699199999999999,0.733425,0.531662);k: (-0.030993,0.7334229999999999,0.530651);s: (0.071911,0.746328,0.519848);s: (0.10966,0.7466,0.505875)","[-0.451354,-0.413918,0.156247],[0.513,-0.531,0.74],[0.513,-0.531,0.74],[0.513,-0.531,0.74],[0.513,-0.531,0.74],[0.513,-0.531,0.74],[0.513,-0.531,0.74],[0.513,-0.531,0.74],[0.513,-0.531,0.74],[0.513,-0.531,0.74],[0.513,-0.531,0.74],[0.513,-0.531,0.74],[0.513,-0.531,0.74],[0.513,-0.531,0.74],[0.513,-0.531,0.74]",t,"p,o",0,0,0.756
a201,pocrfkfk,"p: (0.008034,0.957082,0.6890539999999999);p: (0.008041,0.9296049999999999,0.68902);o: (-0.185,0.928,0.48103500000000005);o: (-0.18499200000000002,0.915077,0.481025);c: (-0.525007,0.923283,0.438);c: (-0.66,0.9232809999999999,0.438);r: (-0.500441,0.743324,0.5217109999999999);r: (-0.606068,0.743321,0.524829);f: (-0.165225,0.7442479999999999,0.557615);k: (-0.030993,0.7334229999999999,0.530651);f: (-0.20802600000000002,0.7442439999999999,0.557671);k: (-0.07699199999999999,0.733425,0.531662)","[-0.451354,-0.413918,0.156247],[0.513,-0.531,0.74],[0.513,-0.531,0.74],[0.513,-0.531,0.74],[0.513,-0.531,0.74],[0.513,-0.531,0.74],[0.513,-0.531,0.74],[0.513,-0.531,0.74],[0.513,-0.531,0.74],[0.513,-0.531,0.74],[0.513,-0.531,0.74],[0.513,-0.531,0.74],[0.513,-0.531,0.74],[0.513,-0.531,0.74],[0.513,-0.531,0.74]",t,"p,o",0,0,0.785
a205,pockr,"p: (0.008041,0.9296049999999999,0.68902);p: (0.008034,0.957082,0.6890539999999999);o: (-0.185,0.928,0.48103500000000005);o: (-0.18499200000000002,0.915077,0.481025);c: (-0.525007,0.923283,0.438);c: (-0.66,0.9232809999999999,0.438);k: (0.002996,0.733422,0.533535);k: (-0.030993,0.7334229999999999,0.530651);r: (-0.500441,0.743324,0.5217109999999999);r: (-0.606068,0.743321,0.524829)","[-0.451354,-0.413918,0.156247],[0.513,-0.531,0.74],[0.513,-0.531,0.74],[0.513,-0.531,0.74],[0.513,-0.531,0.74],[0.513,-0.531,0.74],[0.513,-0.531,0.74],[0.513,-0.531,0.74],[0.513,-0.531,0.74],[0.513,-0.531,0.74],[0.513,-0.531,0.74],[0.513,-0.531,0.74],[0.513,-0.531,0.74],[0.513,-0.531,0.74],[0.513,-0.531,0.74]",t,"p,o",0,0,0.666
a209,pockfskfswgre,"p: (0.07663500000000001,0.902365,0.447553);p: (0.008823000000000001,0.929933,0.695141);o: (-0.18504,0.928154,0.48110299999999995);o: (-0.185004,0.9149219999999999,0.481049);c: (-0.490726,0.923284,0.44605);c: (-0.7949970000000001,0.9232809999999999,0.438);k: (-0.00277,0.7334350000000001,0.541497);f: (-0.190751,0.744224,0.552776);s: (0.10772000000000001,0.746711,0.516266);k: (-0.040202999999999996,0.733436,0.538085);f: (-0.144938,0.74432,0.554982);s: (0.14089100000000002,0.74721,0.521008);w: (0.098938,1.35572,0.44436400000000004);w: (-0.068993,1.35572,0.46785600000000005);g: (-0.595001,1.233,0.468999);g: (-0.7159989999999999,1.23301,0.469001);r: (-0.606068,0.743321,0.524829);r: (-0.500441,0.743324,0.5217109999999999);e: (-0.765776,0.742873,0.515548);e: (-0.7940520000000001,0.7428739999999999,0.503884)","[-0.451354,-0.413918,0.156247],[0.513,-0.531,0.74],[0.513,-0.531,0.74],[0.513,-0.531,0.74],[0.513,-0.531,0.74],[0.513,-0.531,0.74],[0.513,-0.531,0.74],[0.513,-0.531,0.74],[0.513,-0.531,0.74],[0.513,-0.531,0.74],[0.513,-0.531,0.74],[0.513,-0.531,0.74],[0.513,-0.531,0.74],[0.513,-0.531,0.74],[0.513,-0.531,0.74]",t,"p,o",0,0,0.862
a212,tgpcowpgpwcog,"t: (-0.6427069999999999,1.5358,0.680133);g: (-0.595001,1.233,0.468999);p: (0.008034,0.957082,0.6890539999999999);c: (-0.525007,0.923283,0.438);o: (-0.185,0.928,0.48103500000000005);w: (-0.05700499999999999,1.35572,0.46601800000000004);p: (0.008041,0.9296049999999999,0.68902);g: (-0.7159989999999999,1.23301,0.469001);p: (0.008001000000000001,0.902166,0.689002);w: (-0.196022,1.35572,0.466005);w: (0.083,1.35572,0.466);c: (-0.66,0.9232809999999999,0.438);c: (-0.7949970000000001,0.9232809999999999,0.438);o: (-0.18499200000000002,0.915077,0.481025);o: (-0.18499200000000002,0.90217,0.481005);g: (-0.8379989999999999,1.233,0.468999)","[-0.451354,-0.413918,0.156247],[0.513,-0.531,0.74],[0.513,-0.531,0.74],[0.513,-0.531,0.74],[0.513,-0.531,0.74],[0.513,-0.531,0.74],[0.513,-0.531,0.74],[0.513,-0.531,0.74],[0.513,-0.531,0.74],[0.513,-0.531,0.74],[0.513,-0.531,0.74],[0.513,-0.531,0.74],[0.513,-0.531,0.74],[0.513,-0.531,0.74],[0.513,-0.531,0.74]",t,"p,o",0,0,0.862
a215,gwpfrkst,"g: (-0.595001,1.233,0.468999);w: (-0.196022,1.35572,0.466005);p: (0.008034,0.957082,0.6890539999999999);f: (-0.20802600000000002,0.7442439999999999,0.557671);r: (-0.500441,0.743324,0.5217109999999999);k: (0.002996,0.733422,0.533535);s: (0.10966,0.7466,0.505875);t: (-0.649,1.52939,0.68)","[-0.451354,-0.413918,0.156247],[0.513,-0.531,0.74],[0.513,-0.531,0.74],[0.513,-0.531,0.74],[0.513,-0.531,0.74],[0.513,-0.531,0.74],[0.513,-0.531,0.74],[0.513,-0.531,0.74],[0.513,-0.531,0.74],[0.513,-0.531,0.74],[0.513,-0.531,0.74],[0.513,-0.531,0.74],[0.513,-0.531,0.74],[0.513,-0.531,0.74],[0.513,-0.531,0.74]",t,"p,o",0,0,0.785
a218,pfkfksg,"p: (0.008034,0.957082,0.6890539999999999);p: (0.008041,0.9296049999999999,0.68902);f: (-0.251825,0.744246,0.557668);k: (-0.030993,0.7334229999999999,0.530651);f: (-0.20802600000000002,0.7442439999999999,0.557671);k: (-0.07699199999999999,0.733425,0.531662);s: (0.10966,0.7466,0.505875);s: (0.071911,0.746328,0.519848);g: (-0.595001,1.233,0.468999);g: (-0.7159989999999999,1.23301,0.469001)","[-0.451354,-0.413918,0.156247],[0.513,-0.531,0.74],[0.513,-0.531,0.74],[0.513,-0.531,0.74],[0.513,-0.531,0.74],[0.513,-0.531,0.74],[0.513,-0.531,0.74],[0.513,-0.531,0.74],[0.513,-0.531,0.74],[0.513,-0.531,0.74],[0.513,-0.531,0.74],[0.513,-0.531,0.74],[0.513,-0.531,0.74],[0.513,-0.531,0.74],[0.513,-0.531,0.74]",t,"p,o",0,0,0.756
a220,pwogsfkg,"p: (0.008034,0.957082,0.6890539999999999);p: (0.008041,0.9296049999999999,0.68902);w: (-0.196022,1.35572,0.466005);w: (-0.05700499999999999,1.35572,0.46601800000000004);o: (-0.185,0.928,0.48103500000000005);o: (-0.18499200000000002,0.915077,0.481025);g: (-0.595001,1.233,0.468999);s: (0.10966,0.7466,0.505875);s: (0.146585,0.7467189999999999,0.516146);f: (-0.20802600000000002,0.7442439999999999,0.557671);f: (-0.165225,0.7442479999999999,0.557615);k: (0.002996,0.733422,0.533535);k: (-0.07699199999999999,0.733425,0.531662);g: (-0.7159989999999999,1.23301,0.469001)","[-0.451354,-0.413918,0.156247],[0.513,-0.531,0.74],[0.513,-0.531,0.74],[0.513,-0.531,0.74],[0.513,-0.531,0.74],[0.513,-0.531,0.74],[0.513,-0.531,0.74],[0.513,-0.531,0.74],[0.513,-0.531,0.74],[0.513,-0.531,0.74],[0.513,-0.531,0.74],[0.513,-0.531,0.74],[0.513,-0.531,0.74],[0.513,-0.531,0.74],[0.513,-0.531,0.74]",t,"p,o",0,0,0.785
a222,pwkf,"p: (0.008034,0.957082,0.6890539999999999);p: (0.008041,0.9296049999999999,0.68902);w: (-0.196022,1.35572,0.466005);w: (-0.05700499999999999,1.35572,0.46601800000000004);k: (0.002996,0.733422,0.533535);k: (-0.030993,0.7334229999999999,0.530651);f: (-0.20802600000000002,0.7442439999999999,0.557671);f: (-0.251825,0.744246,0.557668)","[-0.451354,-0.413918,0.156247],[0.513,-0.531,0.74],[0.513,-0.531,0.74],[0.513,-0.531,0.74],[0.513,-0.531,0.74],[0.513,-0.531,0.74],[0.513,-0.531,0.74],[0.513,-0.531,0.74],[0.513,-0.531,0.74],[0.513,-0.531,0.74],[0.513,-0.531,0.74],[0.513,-0.531,0.74],[0.513,-0.531,0.74],[0.513,-0.531,0.74],[0.513,-0.531,0.74]",t,"p,o",0,0,0.605
a223,gwpocoskfsfk,"g: (-0.595001,1.233,0.468999);w: (-0.05700499999999999,1.35572,0.46601800000000004);w: (-0.196022,1.35572,0.466005);p: (0.008041,0.9296049999999999,0.68902);p: (0.008034,0.957082,0.6890539999999999);o: (-0.187556,0.9276059999999999,0.4821);o: (-0.186175,0.914906,0.48156499999999997);c: (-0.525007,0.923283,0.438);c: (-0.66,0.9232809999999999,0.438);o: (-0.185123,0.9022049999999999,0.4809);s: (0.146585,0.7467189999999999,0.516146);k: (0.002996,0.733422,0.533535);f: (-0.20802600000000002,0.7442439999999999,0.557671);s: (0.10966,0.7466,0.505875);f: (-0.251825,0.744246,0.557668);k: (-0.030993,0.7334229999999999,0.530651)","[-0.451354,-0.413918,0.156247],[0.513,-0.531,0.74],[0.513,-0.531,0.74],[0.513,-0.531,0.74],[0.513,-0.531,0.74],[0.513,-0.531,0.74],[0.513,-0.531,0.74],[0.513,-0.531,0.74],[0.513,-0.531,0.74],[0.513,-0.531,0.74],[0.513,-0.531,0.74],[0.513,-0.531,0.74],[0.513,-0.531,0.74],[0.513,-0.531,0.74],[0.513,-0.531,0.74]",t,"p,o",0,0,0.851
a226,wtpcockfkf,"w: (-0.195734,1.35574,0.466135);w: (-0.05700499999999999,1.35572,0.46601800000000004);t: (-0.649,1.52939,0.68);p: (0.008034,0.957082,0.6890539999999999);p: (0.008041,0.9296049999999999,0.68902);c: (-0.66,0.9232809999999999,0.438);o: (-0.185,0.928,0.48103500000000005);o: (-0.18499200000000002,0.915077,0.481025);c: (-0.525007,0.923283,0.438);k: (-0.030993,0.7334229999999999,0.530651);f: (-0.20802600000000002,0.7442439999999999,0.557671);k: (-0.07699199999999999,0.733425,0.531662);f: (-0.165225,0.7442479999999999,0.557615)","[-0.451354,-0.413918,0.156247],[0.513,-0.531,0.74],[0.513,-0.531,0.74],[0.513,-0.531,0.74],[0.513,-0.531,0.74],[0.513,-0.531,0.74],[0.513,-0.531,0.74],[0.513,-0.531,0.74],[0.513,-0.531,0.74],[0.513,-0.531,0.74],[0.513,-0.531,0.74],[0.513,-0.531,0.74],[0.513,-0.531,0.74],[0.513,-0.531,0.74],[0.513,-0.531,0.74]",t,"p,o",0,0,0.824
a229,wpgfkfkre,"w: (-0.196022,1.35572,0.466005);w: (-0.05700499999999999,1.35572,0.46601800000000004);p: (0.008034,0.957082,0.6890539999999999);p: (0.008041,0.9296049999999999,0.68902);g: (-0.595001,1.233,0.468999);g: (-0.7159989999999999,1.23301,0.469001);f: (-0.165225,0.7442479999999999,0.557615);k: (-0.07699199999999999,0.733425,0.531662);f: (-0.20802600000000002,0.7442439999999999,0.557671);k: (-0.030993,0.7334229999999999,0.530651);r: (-0.606068,0.743321,0.524829);r: (-0.500441,0.743324,0.5217109999999999);e: (-0.765776,0.742873,0.515548);e: (-0.7940520000000001,0.7428739999999999,0.503884)","[-0.451354,-0.413918,0.156247],[0.513,-0.531,0.74],[0.513,-0.531,0.74],[0.513,-0.531,0.74],[0.513,-0.531,0.74],[0.513,-0.531,0.74],[0.513,-0.531,0.74],[0.513,-0.531,0.74],[0.513,-0.531,0.74],[0.513,-0.531,0.74],[0.513,-0.531,0.74],[0.513,-0.531,0.74],[0.513,-0.531,0.74],[0.513,-0.531,0.74],[0.513,-0.531,0.74]",t,"p,o",0,0,0.806
a231,pococwtrfkfkg,"p: (0.008034,0.957082,0.6890539999999999);p: (0.008041,0.9296049999999999,0.68902);o: (-0.185,0.928,0.48103500000000005);c: (-0.525007,0.923283,0.438);o: (-0.18499200000000002,0.915077,0.481025);c: (-0.66,0.9232809999999999,0.438);w: (-0.196022,1.35572,0.466005);w: (-0.05700499999999999,1.35572,0.46601800000000004);t: (-0.649,1.52939,0.68);r: (-0.500441,0.743324,0.5217109999999999);r: (-0.606068,0.743321,0.524829);f: (-0.165225,0.7442479999999999,0.557615);k: (-0.07699199999999999,0.733425,0.531662);f: (-0.20802600000000002,0.7442439999999999,0.557671);k: (-0.030993,0.7334229999999999,0.530651);g: (-0.595001,1.233,0.468999);g: (-0.7159989999999999,1.23301,0.469001)","[-0.451354,-0.413918,0.156247],[0.513,-0.531,0.74],[0.513,-0.531,0.74],[0.513,-0.531,0.74],[0.513,-0.531,0.74],[0.513,-0.531,0.74],[0.513,-0.531,0.74],[0.513,-0.531,0.74],[0.513,-0.531,0.74],[0.513,-0.531,0.74],[0.513,-0.531,0.74],[0.513,-0.531,0.74],[0.513,-0.531,0.74],[0.513,-0.531,0.74],[0.513,-0.531,0.74]",t,"p,o",0,0,0.862
a233,pwocfksfksr,"p: (0.008034,0.957082,0.6890539999999999);p: (0.008041,0.9296049999999999,0.68902);w: (-0.196022,1.35572,0.466005);w: (-0.05700499999999999,1.35572,0.46601800000000004);o: (-0.185,0.928,0.48103500000000005);o: (-0.18499200000000002,0.915077,0.481025);c: (-0.525007,0.923283,0.438);c: (-0.66,0.9232809999999999,0.438);f: (-0.251825,0.744246,0.557668);k: (-0.07699199999999999,0.733425,0.531662);s: (0.10966,0.7466,0.505875);f: (-0.20802600000000002,0.7442439999999999,0.557671);k: (-0.030993,0.7334229999999999,0.530651);s: (0.071911,0.746328,0.519848);r: (-0.606068,0.743321,0.524829);r: (-0.500441,0.743324,0.5217109999999999)","[-0.451354,-0.413918,0.156247],[0.513,-0.531,0.74],[0.513,-0.531,0.74],[0.513,-0.531,0.74],[0.513,-0.531,0.74],[0.513,-0.531,0.74],[0.513,-0.531,0.74],[0.513,-0.531,0.74],[0.513,-0.531,0.74],[0.513,-0.531,0.74],[0.513,-0.531,0.74],[0.513,-0.531,0.74],[0.513,-0.531,0.74],[0.513,-0.531,0.74],[0.513,-0.531,0.74]",t,"p,o",0,0,0.838
a235,pwgerks,"p: (0.008034,0.957082,0.6890539999999999);p: (0.008041,0.9296049999999999,0.68902);w: (0.083,1.35572,0.466);w: (-0.05700499999999999,1.35572,0.46601800000000004);g: (-0.7159989999999999,1.23301,0.469001);g: (-0.595001,1.233,0.468999);e: (-0.765776,0.742873,0.515548);e: (-0.7940520000000001,0.7428739999999999,0.503884);r: (-0.500441,0.743324,0.5217109999999999);r: (-0.606068,0.743321,0.524829);k: (-0.030993,0.7334229999999999,0.530651);k: (-0.07699199999999999,0.733425,0.531662);s: (0.146585,0.7467189999999999,0.516146);s: (0.10966,0.7466,0.505875)","[-0.451354,-0.413918,0.156247],[0.513,-0.531,0.74],[0.513,-0.531,0.74],[0.513,-0.531,0.74],[0.513,-0.531,0.74],[0.513,-0.531,0.74],[0.513,-0.531,0.74],[0.513,-0.531,0.74],[0.513,-0.531,0.74],[0.513,-0.531,0.74],[0.513,-0.531,0.74],[0.513,-0.531,0.74],[0.513,-0.531,0.74],[0.513,-0.531,0.74],[0.513,-0.531,0.74]",t,"p,o",0,0,0.756
a239,poctfkfkrwg,"p: (0.008034,0.957082,0.6890539999999999);p: (0.008041,0.9296049999999999,0.68902);o: (-0.185,0.928,0.48103500000000005);o: (-0.18499200000000002,0.915077,0.481025);c: (-0.7949970000000001,0.9232809999999999,0.438);c: (-0.66,0.9232809999999999,0.438);t: (-0.649,1.52939,0.68);f: (-0.20802600000000002,0.7442439999999999,0.557671);k: (-0.07699199999999999,0.733425,0.531662);f: (-0.165225,0.7442479999999999,0.557615);k: (-0.030993,0.7334229999999999,0.530651);r: (-0.606068,0.743321,0.524829);r: (-0.500441,0.743324,0.5217109999999999);w: (-0.196022,1.35572,0.466005);w: (-0.05700499999999999,1.35572,0.46601800000000004);g: (-0.595001,1.233,0.468999)","[-0.451354,-0.413918,0.156247],[0.513,-0.531,0.74],[0.513,-0.531,0.74],[0.513,-0.531,0.74],[0.513,-0.531,0.74],[0.513,-0.531,0.74],[0.513,-0.531,0.74],[0.513,-0.531,0.74],[0.513,-0.531,0.74],[0.513,-0.531,0.74],[0.513,-0.531,0.74],[0.513,-0.531,0.74],[0.513,-0.531,0.74],[0.513,-0.531,0.74],[0.513,-0.531,0.74]",t,"p,o",0,0,0.838
a240,pwfksocr,"p: (0.008034,0.957082,0.6890539999999999);p: (0.008041,0.9296049999999999,0.68902);w: (-0.05700499999999999,1.35572,0.46601800000000004);w: (-0.196022,1.35572,0.466005);f: (-0.20802600000000002,0.7442439999999999,0.557671);f: (-0.251825,0.744246,0.557668);k: (-0.030993,0.7334229999999999,0.530651);k: (-0.07699199999999999,0.733425,0.531662);s: (0.10966,0.7466,0.505875);s: (0.071911,0.746328,0.519848);o: (-0.18499200000000002,0.915077,0.481025);o: (-0.185,0.928,0.48103500000000005);c: (-0.525007,0.923283,0.438);c: (-0.66,0.9232809999999999,0.438);r: (-0.500441,0.743324,0.5217109999999999);r: (-0.606068,0.743321,0.524829)","[-0.451354,-0.413918,0.156247],[0.513,-0.531,0.74],[0.513,-0.531,0.74],[0.513,-0.531,0.74],[0.513,-0.531,0.74],[0.513,-0.531,0.74],[0.513,-0.531,0.74],[0.513,-0.531,0.74],[0.513,-0.531,0.74],[0.513,-0.531,0.74],[0.513,-0.531,0.74],[0.513,-0.531,0.74],[0.513,-0.531,0.74],[0.513,-0.531,0.74],[0.513,-0.531,0.74]",t,"p,o",0,0,0.785
T1,tnpsc,"c: (1,4,4);n: (1,1,2);p: (1,4,4);s: (1,2,2);t: (1,1,2);start: (2,1.5,2);table: (4,3,2)","[2,1.5,2],[4,3,2],[4,3,2],[4,3,2],[4,3,2]",t,"p,n",0,"p,c,s",0.666
T14,tnpcs,"c: (1,4,4);n: (1,1,2);p: (1,4,4);s: (1,2,2);t: (1,1,2);start: (2,2,2);table: (4,3,2)","[2,1.5,2],[4,1,2],[4,1,2],[4,1,2],[4,1,2]",t,"p,n",0,"p,c,s",0.666
T16,tnpsc,"c: (1,4,4);n: (1,1,2);p: (1,4,4);s: (1,2,2);t: (1,1,2);start: (2,2,2);table: (4,3,2)","[2,1.5,2],[4,1,2],[4,1,2],[4,1,2],[4,1,2]",t,"p,n",0,"p,c,s",0.666
T18,tnspc,"c: (1,4,4);n: (1,1,2);p: (1,4,4);s: (1,2,2);t: (1,1,2);start: (2,2,2);table: (4,3,2)","[2,1.5,2],[4,1,2],[4,1,2],[4,1,2],[4,1,2]",t,"p,n",0,"p,c,s",0.666
E01_01,pms,"p: (4,1,3);m: (4,3,2);s: (4,3,2);start: (3,3,1);table: (2,2,2)","[3,3,1],[2,2,2],[3,0,2]",m,p,0,"m,s",0.44
E01_03,rhcse,"r: (0,5,2);h: (4,4,1);c: (2,0,0);s: (4,3,2);e: (4,1,1);start: (4,5,2);table: (2,2,2)","[4,5,2],[2,2,2],[2,2,2],[0,5,2],[2,2,2]",h,c,0,"r,c,s,e",0.666
E01_05,pbhs,"p: (4,1,2);b: (4,1,2);h: (4,3,1);s: (4,3,2);start: (2,0,0);table: (2,2,2)","[2,0,0],[3,4,2],[3,3,1],[2,2,2]",h,p,0,"b,s",0.605
E01_09,hscp,"p: (4,1,2);c: (0,5,2);h: (4,3,1);s: (4,3,2);start: (2,0,0);table: (2,2,2)","[0,5,2],[2,1,2],[2,1,2],[3,2,0]",h,0,p,"s,c",0.605
E10_01,pbs,"p: (2,3,2);b: (2,2,2);s: (1,3,2);start: (2,3,2);table: (1,1,2)","[2,3,2],[2,2,2],[1,3,2]",0,p,0,s,0.44
E12_01,pgs,"p: (2,3,2);g: (2,2,2);s: (2,3,2);start: (0,3,0);table: (2,0,2)","[0,3,0],[2,3,2],[2,2,2]",0,p,0,"g,s",0.44
E12_06,pnsgb,"p: (2,3,2);n: (2,2,3);s: (2,3,2);g: (2,3,3);b: (0,3,0);start: (0,2,0);table: (2,0,2)","[0,2,0],[2,0,2],[2,0,2],[2,0,2],[0,2,2]",0,"p,n",0,"p,n,s,g,b",0.666
E21_01,tnsgmp,"t: (0,2,2);n: (0,1,2);s: (0,1,2);g: (0,2,2);m: (0,2,2);p: (0,1,2);start: (0,2,2);table: (2,4,2)","[0,2,2],[0,4,1],[0,1,2],[0,2,2],[1,4,2],[0,2,2]",0,"t,n",p,0,0.723
E21_03,pnys,"p: (0,2,2);n: (0,1,2);s: (0,1,2);y: (0,3,1);start: (0,2,2);table: (2,4,2)","[0,2,2],[0,3,2],[0,1,2],[0,4,1]",0,"p,n",0,y,0.605
E21_04,nfpymbs,"n: (0,1,2);f: (0,1,2);p: (0,2,2);y: (0,4,0);m: (0,2,2);b: (0,2,2);s: (0,1,2);start: (0,4,0);table: (2,4,2)","[0,4,0],[0,0,2],[2,4,2],[2,4,2],[0,3,2],[2,4,2],[2,4,2]",0,n,0,0,0.756
E22_12,mcbatp,"m: (0,0,2);c: (0,0,2);b: (0,0,2);a: (0,0,2);t: (0,0,2);p: (0,0,2);start: (0,0,3);table: (1,1,2)","[0,2,2],[1,1,2],[1,1,2],[1,1,2],[1,1,2],[0,2,2]",0,p,b,0,0.723
E22_16,pcsbaoweg,"p: (0,2,3);c: (0,0,3);s: (0,0,2);b: (0,0,2);a: (0,0,2);o: (0,0,2);w: (1,0,0);e: (1,0,0);g: (0,2,3);start: (0,3,2);table: (1,1,2)","[0,1,2],[1,1,2],[1,1,2],[1,1,2],[1,1,2],[1,1,2],[1,1,2],[1,1,2],[1,1,2]",0,p,0,"p,c,s,w,e,g",0.806
E24_02,awgps,"a: (0,3,2);w: (0,4,0);g: (0,2,3);p: (0,3,2);s: (0,2,2);start: (1,2,2);table: (1,1,2)","[1,2,2],[1,1,2],[1,1,2],[1,1,2],[1,1,2]",0,0,p,"w,g,s",0.666
E24_04,pc,"p: (0,3,2);c: (0,3,2);start: (1,3,2);table: (1,1,2)","[1,3.1,2],[1,0,2]",0,p,0,0,0.25
E24_05,gswap,"g: (0,2,3);s: (0,2,3);w: (0,4,0);a: (0,3,2);p: (0,3,2);start: (0,2,2);table: (1,1,2)","[1,1,2],[1,1,2],[1,1,2],[1,1,2],[1,2,2]",0,0,p,"g,s,w",0.666
E26_11,psgct,"p: (0,1,3);s: (1,3,2);g: (0,1,2.5);c: (0,0,1);t: (1,3,2);start: (0,1,0);table: (1,2,2)","[0,1,2],[1,1,2],[1,1,2],[1,1,2],[1,1,2]",0,p,0,"p,s,g,c,t",0.666
h0,ocsfgkbp,"o: (6,8,2);c: (4,8,2);s: (3,8,2);f: (5,8,2);g: (2,8,2);k: (7,8,2);b: (8,8,2);p: (9,8,2)","[8.5,6.5,2],[5.5,4,2],[5.5,4,2],[5.5,4,2],[5.5,4,2],[5.5,4,2],[5.5,4,2],[5.5,4,2]",p,0,0,0,0.785
h1,posfkcgb,"p: (6,8,2);o: (5,8,2);s: (3,8,2);f: (4,8,2);k: (7,8,2);c: (2,8,2);g: (9,8,2);b: (8,8,2)","[8.5,6.5,2],[5.5,4,2],[5.5,4,2],[5.5,4,2],[5.5,4,2],[5.5,4,2],[5.5,4,2],[5.5,4,2]",p,0,0,0,0.785
h2,pogbfkcs,"p: (2,8,2);o: (5,8,2);g: (3,8,2);b: (4,8,2);f: (6,8,2);k: (7,8,2);c: (8,8,2);s: (9,8,2)","[8.5,6.5,2],[5.5,4,2],[5.5,4,2],[5.5,4,2],[5.5,4,2],[5.5,4,2],[5.5,4,2],[5.5,4,2]",p,0,0,0,0.785
h3,gpocksfb,"g: (4,8,2);p: (8,8,2);o: (7,8,2);c: (6,8,2);k: (5,8,2);s: (3,8,2);f: (2,8,2);b: (9,8,2)","[8.5,6.5,2],[5.5,4,2],[5.5,4,2],[5.5,4,2],[5.5,4,2],[5.5,4,2],[5.5,4,2],[5.5,4,2]",p,0,0,0,0.785
h4,pofkscgb,"p: (5,8,2);o: (8,8,2);f: (7,8,2);k: (4,8,2);s: (2,8,2);c: (6,8,2);g: (9,8,2);b: (3,8,2)","[8.5,6.5,2],[5.5,4,2],[5.5,4,2],[5.5,4,2],[5.5,4,2],[5.5,4,2],[5.5,4,2],[5.5,4,2]",p,0,0,0,0.785
h5,posgkbfc,"p: (4,8,2);o: (3,8,2);s: (2,8,2);g: (5,8,2);k: (6,8,2);b: (7,8,2);f: (9,8,2);c: (8,8,2)","[5.5,6.5,2],[5.5,4,2],[5.5,4,2],[5.5,4,2],[5.5,4,2],[5.5,4,2],[5.5,4,2],[5.5,4,2]",p,0,0,0,0.785
h6,pocskfgb,"p: (3,8,2);o: (6,8,2);c: (4,8,2);s: (2,8,2);k: (5,8,2);f: (7,8,2);g: (9,8,2);b: (8,8,2)","[8.5,6.5,2],[5.5,4,2],[5.5,4,2],[5.5,4,2],[5.5,4,2],[5.5,4,2],[5.5,4,2],[5.5,4,2]",p,0,0,0,0.785
h7,psfkbgco,"p: (6,8,2);s: (7,8,2);f: (8,8,2);k: (3,8,2);b: (9,8,2);g: (5,8,2);c: (4,8,2);o: (2,8,2)","[5.5,6.5,2],[5.5,4,2],[5.5,4,2],[5.5,4,2],[5.5,4,2],[5.5,4,2],[5.5,4,2],[5.5,4,2]",p,0,0,0,0.785
h8,pfkscbgo,"p: (8,8,2);f: (4,8,2);k: (6,8,2);s: (7,8,2);c: (5,8,2);b: (2,8,2);g: (3,8,2);o: (9,8,2)","[5.5,6.5,2],[5.5,4,2],[5.5,4,2],[5.5,4,2],[5.5,4,2],[5.5,4,2],[5.5,4,2],[5.5,4,2]",p,0,0,0,0.785
h9,pfskbgco,"p: (9,8,2);f: (8,8,2);s: (6,8,2);k: (4,8,2);b: (7,8,2);g: (5,8,2);c: (2,8,2);o: (3,8,2)","[5.5,6.5,2],[5.5,4,2],[5.5,4,2],[5.5,4,2],[5.5,4,2],[5.5,4,2],[5.5,4,2],[5.5,4,2]",p,0,0,0,0.785
h10,pskfcbgo,"p: (8,8,2);s: (9,8,2);k: (7,8,2);f: (5,8,2);c: (6,8,2);b: (4,8,2);g: (3,8,2);o: (2,8,2)","[5.5,6.5,2],[5.5,4,2],[5.5,4,2],[5.5,4,2],[5.5,4,2],[5.5,4,2],[5.5,4,2],[5.5,4,2]",p,0,0,0,0.785
h11,pfkscbgo,"p: (3,8,2);f: (7,8,2);k: (4,8,2);s: (6,8,2);c: (2,8,2);b: (8,8,2);g: (9,8,2);o: (5,8,2)","[5.5,6.5,2],[5.5,4,2],[5.5,4,2],[5.5,4,2],[5.5,4,2],[5.5,4,2],[5.5,4,2],[5.5,4,2]",p,0,0,0,0.785
h12,psfkgbco,"p: (5,8,2);s: (8,8,2);f: (3,8,2);k: (6,8,2);g: (9,8,2);b: (4,8,2);c: (7,8,2);o: (2,8,2)","[5.5,6.5,2],[5.5,4,2],[5.5,4,2],[5.5,4,2],[5.5,4,2],[5.5,4,2],[5.5,4,2],[5.5,4,2]",p,0,0,0,0.785
h13,pfkoscgb,"p: (3,8,2);f: (2,8,2);k: (5,8,2);o: (4,8,2);s: (7,8,2);c: (8,8,2);g: (6,8,2);b: (9,8,2)","[5.5,6.5,2],[5.5,4,2],[5.5,4,2],[5.5,4,2],[5.5,4,2],[5.5,4,2],[5.5,4,2],[5.5,4,2]",p,0,0,0,0.785
h14,pcgbfkos,"p: (6,8,2);c: (9,8,2);g: (8,8,2);b: (2,8,2);f: (7,8,2);k: (3,8,2);o: (4,8,2);s: (5,8,2)","[5.5,6.5,2],[5.5,4,2],[5.5,4,2],[5.5,4,2],[5.5,4,2],[5.5,4,2],[5.5,4,2],[5.5,4,2]",p,0,0,0,0.785
h15,gpbokfsc,"g: (4,8,2);p: (8,8,2);b: (6,8,2);o: (9,8,2);k: (7,8,2);f: (5,8,2);s: (3,8,2);c: (2,8,2)","[5.5,6.5,2],[5.5,4,2],[5.5,4,2],[5.5,4,2],[5.5,4,2],[5.5,4,2],[5.5,4,2],[5.5,4,2]",p,0,0,0,0.785
h16,pbokgcfs,"p: (7,8,2);b: (5,8,2);o: (9,8,2);k: (8,8,2);g: (4,8,2);c: (2,8,2);f: (6,8,2);s: (3,8,2)","[5.5,6.5,2],[5.5,4,2],[5.5,4,2],[5.5,4,2],[5.5,4,2],[5.5,4,2],[5.5,4,2],[5.5,4,2]",p,0,0,0,0.785
h17,gcpbokfs,"g: (4,8,2);c: (9,8,2);p: (6,8,2);b: (2,8,2);o: (3,8,2);k: (8,8,2);f: (7,8,2);s: (5,8,2)","[5.5,6.5,2],[5.5,4,2],[5.5,4,2],[5.5,4,2],[5.5,4,2],[5.5,4,2],[5.5,4,2],[5.5,4,2]",p,0,0,0,0.785
h18,pbsokfgc,"p: (7,8,2);b: (3,8,2);s: (8,8,2);o: (9,8,2);k: (6,8,2);f: (4,8,2);g: (5,8,2);c: (2,8,2)","[5.5,6.5,2],[5.5,4,2],[5.5,4,2],[5.5,4,2],[5.5,4,2],[5.5,4,2],[5.5,4,2],[5.5,4,2]",p,0,0,0,0.785
h19,pbocgksf,"p: (5,8,2);b: (7,8,2);o: (8,8,2);c: (9,8,2);g: (4,8,2);k: (6,8,2);s: (3,8,2);f: (2,8,2)","[5.5,6.5,2],[5.5,4,2],[5.5,4,2],[5.5,4,2],[5.5,4,2],[5.5,4,2],[5.5,4,2],[5.5,4,2]",p,0,0,0,0.785
h20,sfkpcgbo,"s: (9,8,2);f: (7,8,2);k: (5,8,2);p: (4,8,2);c: (8,8,2);g: (6,8,2);b: (2,8,2);o: (3,8,2)","[5.5,6.5,2],[5.5,4,2],[5.5,4,2],[5.5,4,2],[5.5,4,2],[5.5,4,2],[5.5,4,2],[5.5,4,2]",p,0,0,0,0.785
h21,spgokfcb,"s: (5,8,2);p: (4,8,2);g: (2,8,2);o: (3,8,2);k: (6,8,2);f: (9,8,2);c: (8,8,2);b: (7,8,2)","[5.5,6.5,2],[5.5,4,2],[5.5,4,2],[5.5,4,2],[5.5,4,2],[5.5,4,2],[5.5,4,2],[5.5,4,2]",p,0,0,0,0.785
h22,spbkgfco,"s: (5,8,2);p: (4,8,2);b: (9,8,2);k: (3,8,2);g: (6,8,2);f: (7,8,2);c: (2,8,2);o: (8,8,2)","[5.5,6.5,2],[5.5,4,2],[5.5,4,2],[5.5,4,2],[5.5,4,2],[5.5,4,2],[5.5,4,2],[5.5,4,2]",p,0,0,0,0.785
h23,cgokpbsf,"c: (2,8,2);g: (4,8,2);o: (3,8,2);k: (8,8,2);p: (6,8,2);b: (9,8,2);s: (5,8,2);f: (7,8,2)","[5.5,6.5,2],[5.5,4,2],[5.5,4,2],[5.5,4,2],[5.5,4,2],[5.5,4,2],[5.5,4,2],[5.5,4,2]",p,0,0,0,0.785
h24,fkspcobg,"f: (9,8,2);k: (5,8,2);s: (2,8,2);p: (4,8,2);c: (3,8,2);o: (6,8,2);b: (7,8,2);g: (8,8,2)","[5.5,6.5,2],[5.5,4,2],[5.5,4,2],[5.5,4,2],[5.5,4,2],[5.5,4,2],[5.5,4,2],[5.5,4,2]",p,0,0,0,0.785
h25,pkfsogcb,"p: (6,8,2);k: (4,8,2);f: (8,8,2);s: (7,8,2);o: (9,8,2);g: (5,8,2);c: (3,8,2);b: (2,8,2)","[5.5,6.5,2],[5.5,4,2],[5.5,4,2],[5.5,4,2],[5.5,4,2],[5.5,4,2],[5.5,4,2],[5.5,4,2]",p,0,0,0,0.785
h26,cpkfgsob,"c: (2,8,2);p: (5,8,2);k: (4,8,2);f: (7,8,2);g: (6,8,2);s: (8,8,2);o: (9,8,2);b: (3,8,2)","[5.5,6.5,2],[5.5,4,2],[5.5,4,2],[5.5,4,2],[5.5,4,2],[5.5,4,2],[5.5,4,2],[5.5,4,2]",p,0,0,0,0.785
h27,cogsfbpk,"c: (2,8,2);o: (3,8,2);g: (4,8,2);s: (5,8,2);f: (6,8,2);b: (7,8,2);p: (8,8,2);k: (9,8,2)","[5.5,6.5,2],[5.5,4,2],[5.5,4,2],[5.5,4,2],[5.5,4,2],[5.5,4,2],[5.5,4,2],[5.5,4,2]",p,0,0,0,0.785
h28,cgpsbkfo,"c: (9,8,2);g: (8,8,2);p: (7,8,2);s: (6,8,2);b: (5,8,2);k: (4,8,2);f: (3,8,2);o: (2,8,2)","[5.5,6.5,2],[5.5,4,2],[5.5,4,2],[5.5,4,2],[5.5,4,2],[5.5,4,2],[5.5,4,2],[5.5,4,2]",p,0,0,0,0.785
h29,pfksgcbo,"p: (3,8,2);f: (7,8,2);k: (8,8,2);s: (4,8,2);g: (5,8,2);c: (9,8,2);b: (6,8,2);o: (2,8,2)","[5.5,6.5,2],[5.5,4,2],[5.5,4,2],[5.5,4,2],[5.5,4,2],[5.5,4,2],[5.5,4,2],[5.5,4,2]",p,0,0,0,0.785
h30,pcskfogb,"p: (5,8,2);c: (8,8,2);s: (4,8,2);k: (6,8,2);f: (7,8,2);o: (2,8,2);g: (9,8,2);b: (3,8,2)","[5.5,6.5,2],[5.5,4,2],[5.5,4,2],[5.5,4,2],[5.5,4,2],[5.5,4,2],[5.5,4,2],[5.5,4,2]",p,0,0,0,0.785
h31,sokpfcbg,"s: (9,8,2);o: (8,8,2);k: (7,8,2);p: (6,8,2);f: (5,8,2);c: (4,8,2);b: (3,8,2);g: (2,8,2)","[5.5,6.5,2],[5.5,4,2],[5.5,4,2],[5.5,4,2],[5.5,4,2],[5.5,4,2],[5.5,4,2],[5.5,4,2]",p,0,0,0,0.785
h32,fpkgosbc,"f: (9,8,2);p: (8,8,2);k: (7,8,2);g: (6,8,2);o: (5,8,2);s: (4,8,2);b: (3,8,2);c: (2,8,2)","[5.5,6.5,2],[5.5,4,2],[5.5,4,2],[5.5,4,2],[5.5,4,2],[5.5,4,2],[5.5,4,2],[5.5,4,2]",p,0,0,0,0.785
h33,pbofgsck,"p: (9,8,2);b: (8,8,2);o: (7,8,2);f: (6,8,2);g: (5,8,2);s: (4,8,2);c: (3,8,2);k: (2,8,2)","[5.5,6.5,2],[5.5,4,2],[5.5,4,2],[5.5,4,2],[5.5,4,2],[5.5,4,2],[5.5,4,2],[5.5,4,2]",p,0,0,0,0.785
h34,cpgfksbo,"c: (9,8,2);p: (8,8,2);g: (7,8,2);f: (6,8,2);k: (5,8,2);s: (4,8,2);b: (3,8,2);o: (2,8,2)","[5.5,6.5,2],[5.5,4,2],[5.5,4,2],[5.5,4,2],[5.5,4,2],[5.5,4,2],[5.5,4,2],[5.5,4,2]",p,0,0,0,0.785
h35,gfcspkob,"g: (9,8,2);f: (8,8,2);c: (7,8,2);s: (6,8,2);p: (5,8,2);k: (4,8,2);o: (3,8,2);b: (2,8,2)","[5.5,6.5,2],[5.5,4,2],[5.5,4,2],[5.5,4,2],[5.5,4,2],[5.5,4,2],[5.5,4,2],[5.5,4,2]",p,0,0,0,0.785
h36,pkfsobgc,"p: (5,8,2);k: (7,8,2);f: (3,8,2);s: (6,8,2);o: (2,8,2);b: (4,8,2);g: (8,8,2);c: (9,8,2)","[5.5,6.5,2],[5.5,4,2],[5.5,4,2],[5.5,4,2],[5.5,4,2],[5.5,4,2],[5.5,4,2],[5.5,4,2]",p,0,0,0,0.785
h37,pkfsogbc,"p: (2,8,2);k: (3,8,2);f: (5,8,2);s: (6,8,2);o: (4,8,2);g: (7,8,2);b: (9,8,2);c: (8,8,2)","[5.5,6.5,2],[5.5,4,2],[5.5,4,2],[5.5,4,2],[5.5,4,2],[5.5,4,2],[5.5,4,2],[5.5,4,2]",p,0,0,0,0.785
h38,pofkscgb,"p: (5,8,2);o: (2,8,2);f: (7,8,2);k: (3,8,2);s: (4,8,2);c: (6,8,2);g: (8,8,2);b: (9,8,2)","[5.5,6.5,2],[5.5,4,2],[5.5,4,2],[5.5,4,2],[5.5,4,2],[5.5,4,2],[5.5,4,2],[5.5,4,2]",p,0,0,0,0.785
h39,opksfcgb,"o: (2,8,2);p: (9,8,2);k: (3,8,2);s: (4,8,2);f: (8,8,2);c: (5,8,2);g: (7,8,2);b: (6,8,2)","[8.5,6.5,2],[5.5,4,2],[5.5,4,2],[5.5,4,2],[5.5,4,2],[5.5,4,2],[5.5,4,2],[5.5,4,2]",p,0,0,0,0.785
h40,pbgokfsc,"p: (5,8,2);b: (8,8,2);g: (2,8,2);o: (3,8,2);k: (4,8,2);f: (7,8,2);s: (6,8,2);c: (9,8,2)","[5.5,6.5,2],[5.5,4,2],[5.5,4,2],[5.5,4,2],[5.5,4,2],[5.5,4,2],[5.5,4,2],[5.5,4,2]",p,0,0,0,0.785
h41,pcgbfkso,"p: (3,8,2);c: (4,8,2);g: (2,8,2);b: (6,8,2);f: (7,8,2);k: (9,8,2);s: (5,8,2);o: (8,8,2)","[8.5,6.5,2],[5.5,4,2],[5.5,4,2],[5.5,4,2],[5.5,4,2],[5.5,4,2],[5.5,4,2],[5.5,4,2]",p,0,0,0,0.785
h42,pcsofkgb,"p: (4,8,2);c: (2,8,2);s: (3,8,2);o: (5,8,2);f: (6,8,2);k: (7,8,2);g: (8,8,2);b: (9,8,2)","[8.5,6.5,2],[5.5,4,2],[5.5,4,2],[5.5,4,2],[5.5,4,2],[5.5,4,2],[5.5,4,2],[5.5,4,2]",p,0,0,0,0.785
h43,poskfgcb,"p: (2,8,2);o: (4,8,2);s: (3,8,2);k: (5,8,2);f: (8,8,2);g: (6,8,2);c: (7,8,2);b: (9,8,2)","[8.5,6.5,2],[5.5,4,2],[5.5,4,2],[5.5,4,2],[5.5,4,2],[5.5,4,2],[5.5,4,2],[5.5,4,2]",p,0,0,0,0.785
h44,pscgfobk,"p: (9,8,2);s: (8,8,2);c: (7,8,2);g: (6,8,2);f: (5,8,2);o: (4,8,2);b: (3,8,2);k: (2,8,2)","[5.5,6.5,2],[5.5,4,2],[5.5,4,2],[5.5,4,2],[5.5,4,2],[5.5,4,2],[5.5,4,2],[5.5,4,2]",p,0,0,0,0.785
h45,pfkcogsb,"p: (5,8,2);f: (6,8,2);k: (4,8,2);c: (3,8,2);o: (2,8,2);g: (7,8,2);s: (8,8,2);b: (9,8,2)","[5.5,6.5,2],[5.5,4,2],[5.5,4,2],[5.5,4,2],[5.5,4,2],[5.5,4,2],[5.5,4,2],[5.5,4,2]",p,0,0,0,0.785
h46,pkfsgcob,"p: (8,8,2);k: (4,8,2);f: (5,8,2);s: (7,8,2);g: (6,8,2);c: (3,8,2);o: (2,8,2);b: (9,8,2)","[5.5,6.5,2],[5.5,4,2],[5.5,4,2],[5.5,4,2],[5.5,4,2],[5.5,4,2],[5.5,4,2],[5.5,4,2]",p,0,0,0,0.785
h47,pcfksbgo,"p: (9,8,2);c: (6,8,2);f: (7,8,2);k: (3,8,2);s: (5,8,2);b: (4,8,2);g: (8,8,2);o: (2,8,2)","[8.5,6.5,2],[5.5,4,2],[5.5,4,2],[5.5,4,2],[5.5,4,2],[5.5,4,2],[5.5,4,2],[5.5,4,2]",p,0,0,0,0.785
h48,pocfskgb,"p: (7,8,2);o: (6,8,2);c: (3,8,2);f: (5,8,2);s: (4,8,2);k: (8,8,2);g: (9,8,2);b: (2,8,2)","[5.5,6.5,2],[5.5,4,2],[5.5,4,2],[5.5,4,2],[5.5,4,2],[5.5,4,2],[5.5,4,2],[5.5,4,2]",p,0,0,0,0.785
h49,pofkcsgb,"p: (7,8,2);o: (6,8,2);f: (4,8,2);k: (5,8,2);c: (8,8,2);s: (9,8,2);g: (3,8,2);b: (2,8,2)","[5.5,6.5,2],[5.5,4,2],[5.5,4,2],[5.5,4,2],[5.5,4,2],[5.5,4,2],[5.5,4,2],[5.5,4,2]",p,0,0,0,0.785
h50,pcsfkogb,"p: (6,8,2);c: (5,8,2);s: (7,8,2);f: (4,8,2);k: (2,8,2);o: (3,8,2);g: (8,8,2);b: (9,8,2)","[5.5,6.5,2],[5.5,4,2],[5.5,4,2],[5.5,4,2],[5.5,4,2],[5.5,4,2],[5.5,4,2],[5.5,4,2]",p,0,0,0,0.785
h51,pkfsbogc,"p: (4,8,2);k: (5,8,2);f: (3,8,2);s: (7,8,2);b: (6,8,2);o: (2,8,2);g: (8,8,2);c: (9,8,2)","[5.5,6.5,2],[5.5,4,2],[5.5,4,2],[5.5,4,2],[5.5,4,2],[5.5,4,2],[5.5,4,2],[5.5,4,2]",p,0,0,0,0.785
h52,pkfsgcob,"p: (5,8,2);k: (2,8,2);f: (8,8,2);s: (6,8,2);g: (7,8,2);c: (9,8,2);o: (3,8,2);b: (4,8,2)","[5.5,6.5,2],[5.5,4,2],[5.5,4,2],[5.5,4,2],[5.5,4,2],[5.5,4,2],[5.5,4,2],[5.5,4,2]",p,0,0,0,0.785
h53,pkfsgcob,"p: (4,8,2);k: (3,8,2);f: (6,8,2);s: (5,8,2);g: (8,8,2);c: (7,8,2);o: (2,8,2);b: (9,8,2)","[8.5,6.5,2],[5.5,4,2],[5.5,4,2],[5.5,4,2],[5.5,4,2],[5.5,4,2],[5.5,4,2],[5.5,4,2]",p,0,0,0,0.785
h54,pkfsgcbo,"p: (3,8,2);k: (4,8,2);f: (6,8,2);s: (5,8,2);g: (7,8,2);c: (9,8,2);b: (2,8,2);o: (8,8,2)","[8.5,6.5,2],[5.5,4,2],[5.5,4,2],[5.5,4,2],[5.5,4,2],[5.5,4,2],[5.5,4,2],[5.5,4,2]",p,0,0,0,0.785
h55,pkfoscbg,"p: (2,8,2);k: (8,8,2);f: (6,8,2);o: (9,8,2);s: (4,8,2);c: (3,8,2);b: (5,8,2);g: (7,8,2)","[8.5,6.5,2],[5.5,4,2],[5.5,4,2],[5.5,4,2],[5.5,4,2],[5.5,4,2],[5.5,4,2],[5.5,4,2]",p,0,0,0,0.785
h56,pkosfgcb,"p: (8,8,2);k: (7,8,2);o: (9,8,2);s: (3,8,2);f: (4,8,2);g: (2,8,2);c: (5,8,2);b: (6,8,2)","[5.5,6.5,2],[5.5,4,2],[5.5,4,2],[5.5,4,2],[5.5,4,2],[5.5,4,2],[5.5,4,2],[5.5,4,2]",p,0,0,0,0.785
h57,pkfoscgb,"p: (3,8,2);k: (2,8,2);f: (7,8,2);o: (8,8,2);s: (5,8,2);c: (9,8,2);g: (4,8,2);b: (6,8,2)","[5.5,6.5,2],[5.5,4,2],[5.5,4,2],[5.5,4,2],[5.5,4,2],[5.5,4,2],[5.5,4,2],[5.5,4,2]",p,0,0,0,0.785
h58,pkfsogbc,"p: (2,8,2);k: (4,8,2);f: (7,8,2);s: (5,8,2);o: (6,8,2);g: (8,8,2);b: (3,8,2);c: (9,8,2)","[5.5,6.5,2],[5.5,4,2],[5.5,4,2],[5.5,4,2],[5.5,4,2],[5.5,4,2],[5.5,4,2],[5.5,4,2]",p,0,0,0,0.785
h59,pkfsbgoc,"p: (4,8,2);k: (6,8,2);f: (5,8,2);s: (7,8,2);b: (8,8,2);g: (3,8,2);o: (9,8,2);c: (2,8,2)","[5.5,6.5,2],[5.5,4,2],[5.5,4,2],[5.5,4,2],[5.5,4,2],[5.5,4,2],[5.5,4,2],[5.5,4,2]",p,0,0,0,0.785
h60,pkfsgcbo,"p: (6,8,2);k: (7,8,2);f: (4,8,2);s: (3,8,2);g: (9,8,2);c: (5,8,2);b: (8,8,2);o: (2,8,2)","[5.5,6.5,2],[5.5,4,2],[5.5,4,2],[5.5,4,2],[5.5,4,2],[5.5,4,2],[5.5,4,2],[5.5,4,2]",p,0,0,0,0.785
h61,pkfsgcob,"p: (9,8,2);k: (8,8,2);f: (4,8,2);s: (7,8,2);g: (6,8,2);c: (3,8,2);o: (5,8,2);b: (2,8,2)","[2.5,6.5,2],[5.5,4,2],[5.5,4,2],[5.5,4,2],[5.5,4,2],[5.5,4,2],[5.5,4,2],[5.5,4,2]",p,0,0,0,0.785
h62,pkfsgcbo,"p: (2,8,2);k: (6,8,2);f: (8,8,2);s: (4,8,2);g: (7,8,2);c: (3,8,2);b: (9,8,2);o: (5,8,2)","[5.5,6.5,2],[5.5,4,2],[5.5,4,2],[5.5,4,2],[5.5,4,2],[5.5,4,2],[5.5,4,2],[5.5,4,2]",p,0,0,0,0.785
h63,pkfsbcgo,"p: (3,8,2);k: (8,8,2);f: (6,8,2);s: (4,8,2);b: (5,8,2);c: (7,8,2);g: (9,8,2);o: (2,8,2)","[5.5,6.5,2],[5.5,4,2],[5.5,4,2],[5.5,4,2],[5.5,4,2],[5.5,4,2],[5.5,4,2],[5.5,4,2]",p,0,0,0,0.785
h64,pkfsocgb,"p: (5,8,2);k: (4,8,2);f: (2,8,2);s: (7,8,2);o: (3,8,2);c: (8,8,2);g: (9,8,2);b: (6,8,2)","[5.5,6.5,2],[5.5,4,2],[5.5,4,2],[5.5,4,2],[5.5,4,2],[5.5,4,2],[5.5,4,2],[5.5,4,2]",p,0,0,0,0.785
h65,pfskocgb,"p: (9,8,2);f: (6,8,2);s: (2,8,2);k: (8,8,2);o: (5,8,2);c: (4,8,2);g: (7,8,2);b: (3,8,2)","[5.5,6.5,2],[5.5,4,2],[5.5,4,2],[5.5,4,2],[5.5,4,2],[5.5,4,2],[5.5,4,2],[5.5,4,2]",p,0,0,0,0.785
h66,pokfscgb,"p: (6,8,2);o: (2,8,2);k: (3,8,2);f: (9,8,2);s: (8,8,2);c: (4,8,2);g: (5,8,2);b: (7,8,2)","[5.5,6.5,2],[5.5,4,2],[5.5,4,2],[5.5,4,2],[5.5,4,2],[5.5,4,2],[5.5,4,2],[5.5,4,2]",p,0,0,0,0.785
h67,pfskogcb,"p: (2,8,2);f: (8,8,2);s: (4,8,2);k: (5,8,2);o: (3,8,2);g: (7,8,2);c: (6,8,2);b: (9,8,2)","[5.5,6.5,2],[5.5,4,2],[5.5,4,2],[5.5,4,2],[5.5,4,2],[5.5,4,2],[5.5,4,2],[5.5,4,2]",p,0,0,0,0.785
v1,hhsdb,"h: (0,4,1);s: (0,2,2);d: (0,1,3);b: (2,3,2);g: (0,2,2)","[1,3,2],[0,4,1],[0,2,2],[0,1,3],[2,3,2]",0,0,0,"h,s,d,b,g",0.666
v2,hhhdsgb,"h: (0,4,1);s: (0,2,2);d: (0,1,3);b: (2,3,2);g: (0,2,2)","[1,3,2],[0,4,1],[0,4,1],[0,4,1],[0,1,3],[0,2,2],[0,2,2]",0,0,0,"h,s,d,b,g",0.756
v3,hhsgdb,"h: (0,4,1);s: (0,2,2);d: (0,1,3);b: (2,3,2);g: (0,2,2)","[1,3,2],[0,4,1],[0,4,1],[0,2,2],[0,2,2],[0,1,3]",0,0,0,"h,s,d,b,g",0.723
v4,hhdsbg,"h: (0,4,1);s: (0,2,2);d: (0,1,3);b: (2,3,2);g: (0,2,2)","[1,3,2],[0,4,1],[0,4,1],[0,1,3],[0,2,2],[2,3,2]",0,0,0,"h,s,d,b,g",0.723
v5,hhsgdb,"h: (0,4,1);s: (0,2,2);d: (0,1,3);b: (2,3,2);g: (0,2,2)","[1,3,2],[0,4,1],[0,4,1],[0,2,2],[0,2,2],[0,1,3]",0,0,0,"h,s,d,b,g",0.723
v6,hhdsgb,"h: (0,4,1);s: (0,2,2);d: (0,1,3);b: (2,3,2);g: (0,2,2)","[1,3,2],[0,4,1],[0,4,1],[0,1,3],[0,2,2],[0,2,2]",0,0,0,"h,s,d,b,g",0.723
v7,dsgbhh,"h: (0,4,1);s: (0,2,2);d: (0,1,3);b: (2,3,2);g: (0,2,2)","[1,3,2],[0,1,3],[0,2,2],[0,2,2],[2,3,2],[0,4,1]",0,0,0,"h,s,d,b,g",0.723
v8,hhsdbg,"h: (0,4,1);s: (0,2,2);d: (0,1,3);b: (2,3,2);g: (0,2,2)","[1,3,2],[0,4,1],[0,4,1],[0,2,2],[0,1,3],[2,3,2]",0,0,0,"h,s,d,b,g",0.723
v9,hhsdgb,"h: (0,4,1);s: (0,2,2);d: (0,1,3);b: (2,3,2);g: (0,2,2)","[1,3,2],[0,4,1],[0,4,1],[0,2,2],[0,1,3],[0,2,2]",0,0,0,"h,s,d,b,g",0.723
v10,hhsgdb,"h: (0,4,1);s: (0,2,2);d: (0,1,3);b: (2,3,2);g: (0,2,2)","[1,3,2],[0,4,1],[0,4,1],[0,2,2],[0,2,2],[0,1,3]",0,0,0,"h,s,d,b,g",0.723
v11,hhsgdb,"h: (0,4,1);s: (0,2,2);d: (0,1,3);b: (2,3,2);g: (0,2,2)","[1,3,2],[0,4,1],[0,4,1],[0,2,2],[0,2,2],[0,1,3]",0,0,0,"h,s,d,b,g",0.723
v12,hhsdgb,"h: (0,4,1);s: (0,2,2);d: (0,1,3);b: (2,3,2);g: (0,2,2)","[1,3,2],[0,4,1],[0,4,1],[0,2,2],[0,1,3],[0,2,2]",0,0,0,"h,s,d,b,g",0.723
